{
    "idle": {
        "cpu": 6.9399999999999995,
        "memory": 30.77734375,
        "time": 5.000098943710327
    },
    "cpu_stress": {
        "cpu": 91.28181818181818,
        "memory": 15.76953125,
        "time": 5.009880065917969
    },
    "cpu_multi": {
        "cpu": 91.9090909090909,
        "memory": 7.69140625,
        "time": 5.10801887512207
    },
    "memory_stress": {
        "cpu": 92.18181818181819,
        "memory": 999.7421875,
        "time": 5.072457313537598
    },
    "memory_large": {
        "cpu": 5.45,
        "memory": 34.19140625,
        "time": 4.00022554397583
    },
    "disk_write": {
        "cpu": 63.95,
        "memory": 531.05859375,
        "time": 1.8531267642974854
    },
    "disk_read": {
        "cpu": 60.379999999999995,
        "memory": 510.4921875,
        "time": 2.083582878112793
    },
    "network_download": {
        "cpu": 47.318181818181806,
        "memory": 94.38671875,
        "time": 5.438366174697876
    },
    "process_spawn": {
        "cpu": 17.0,
        "memory": 0.0,
        "time": 0.13900494575500488
    }
}