{
    "idle": {
        "cpu": 4.68,
        "memory": 0.2734375,
        "time": 5.000097990036011
    },
    "cpu_stress": {
        "cpu": 99.9,
        "memory": 8.828125,
        "time": 5.009589433670044
    },
    "cpu_multi": {
        "cpu": 91.54545454545455,
        "memory": 3.22265625,
        "time": 5.012453079223633
    },
    "memory_stress": {
        "cpu": 92.0,
        "memory": 996.50390625,
        "time": 5.051301717758179
    },
    "memory_large": {
        "cpu": 4.6375,
        "memory": 2.71484375,
        "time": 4.000283241271973
    },
    "disk_write": {
        "cpu": 60.925,
        "memory": 477.015625,
        "time": 1.9027323722839355
    },
    "disk_read": {
        "cpu": 67.32000000000001,
        "memory": 519.58984375,
        "time": 2.363020181655884
    },
    "network_download": {
        "cpu": 42.471428571428575,
        "memory": 69.6328125,
        "time": 6.528850555419922
    },
    "process_spawn": {
        "cpu": 11.2,
        "memory": 0.0,
        "time": 0.14970874786376953
    }
}