{
    "idle": {
        "cpu": 4.33,
        "memory": 10.296875,
        "time": 5.0000901222229
    },
    "cpu_stress": {
        "cpu": 91.45454545454545,
        "memory": 6.828125,
        "time": 5.0121073722839355
    },
    "cpu_multi": {
        "cpu": 91.0,
        "memory": 15.328125,
        "time": 5.007911205291748
    },
    "memory_stress": {
        "cpu": 91.89999999999999,
        "memory": 874.73046875,
        "time": 5.0583813190460205
    },
    "memory_large": {
        "cpu": 4.8875,
        "memory": 46.0859375,
        "time": 4.000389337539673
    },
    "disk_write": {
        "cpu": 65.425,
        "memory": 434.0546875,
        "time": 1.837712287902832
    },
    "disk_read": {
        "cpu": 65.96,
        "memory": 510.6796875,
        "time": 2.130606174468994
    },
    "network_download": {
        "cpu": 45.949999999999996,
        "memory": 27.5390625,
        "time": 4.773845434188843
    },
    "process_spawn": {
        "cpu": 11.1,
        "memory": 0.0,
        "time": 0.1375577449798584
    }
}