{
    "idle": {
        "cpu": 3.5100000000000002,
        "memory": 0.95703125,
        "time": 5.000118017196655
    },
    "cpu_stress": {
        "cpu": 91.72727272727273,
        "memory": 39.44921875,
        "time": 5.01079797744751
    },
    "cpu_multi": {
        "cpu": 92.45454545454545,
        "memory": 12.71875,
        "time": 5.015305519104004
    },
    "memory_stress": {
        "cpu": 92.98181818181818,
        "memory": 1004.29296875,
        "time": 5.065805673599243
    },
    "memory_large": {
        "cpu": 3.0,
        "memory": 0.24609375,
        "time": 4.000258922576904
    },
    "disk_write": {
        "cpu": 55.699999999999996,
        "memory": 287.39453125,
        "time": 1.7739546298980713
    },
    "disk_read": {
        "cpu": 57.92,
        "memory": 761.65234375,
        "time": 2.0512795448303223
    },
    "network_download": {
        "cpu": 53.31111111111111,
        "memory": 42.890625,
        "time": 4.171842813491821
    },
    "process_spawn": {
        "cpu": 13.0,
        "memory": 0.0,
        "time": 0.1373002529144287
    }
}