{
    "idle": {
        "cpu": 18.4,
        "memory": 2.44140625,
        "time": 3.66752028465271
    },
    "cpu_stress": {
        "cpu": 37.0,
        "memory": 30.5234375,
        "time": 7.904461145401001
    },
    "cpu_multi": {
        "cpu": 84.5,
        "memory": 30.53125,
        "time": 15.231515645980835
    },
    "memory_stress": {
        "cpu": 100.0,
        "memory": 1096.70703125,
        "time": 14.64336895942688
    },
    "memory_large": {
        "cpu": 18.2,
        "memory": 8.25390625,
        "time": 3.906115770339966
    },
    "disk_write": {
        "cpu": 46.5,
        "memory": 501.3515625,
        "time": 2.3202145099639893
    },
    "disk_read": {
        "cpu": 43.9,
        "memory": 511.88671875,
        "time": 3.1827330589294434
    },
    "network_download": {
        "cpu": 50.0,
        "memory": 19.6484375,
        "time": 0.24084115028381348
    },
    "process_spawn": {
        "cpu": 95.7,
        "memory": 15.59765625,
        "time": 0.8807754516601562
    }
}