{
    "idle": {
        "cpu": 6.8,
        "memory": 3.50390625,
        "time": 3.202789545059204
    },
    "cpu_stress": {
        "cpu": 38.0,
        "memory": 35.05859375,
        "time": 6.8274993896484375
    },
    "cpu_multi": {
        "cpu": 99.0,
        "memory": 30.28515625,
        "time": 9.57128095626831
    },
    "memory_stress": {
        "cpu": 100.0,
        "memory": 1092.1640625,
        "time": 3.772897481918335
    },
    "memory_large": {
        "cpu": 94.6,
        "memory": 41.53125,
        "time": 2.5278127193450928
    },
    "disk_write": {
        "cpu": 53.7,
        "memory": 501.29296875,
        "time": 1.4263732433319092
    },
    "disk_read": {
        "cpu": 51.6,
        "memory": 503.203125,
        "time": 1.9079813957214355
    },
    "network_download": {
        "cpu": 89.7,
        "memory": 26.4453125,
        "time": 6.835934638977051
    },
    "process_spawn": {
        "cpu": 86.7,
        "memory": 17.60546875,
        "time": 0.450209379196167
    }
}