{
    "idle": {
        "cpu": 5.3,
        "memory": 0.8046875,
        "time": 3.8440017700195312
    },
    "cpu_stress": {
        "cpu": 27.1,
        "memory": 35.08203125,
        "time": 9.380425453186035
    },
    "cpu_multi": {
        "cpu": 100.0,
        "memory": 68.61328125,
        "time": 4.6795923709869385
    },
    "memory_stress": {
        "cpu": 100.0,
        "memory": 1082.0,
        "time": 11.024682521820068
    },
    "memory_large": {
        "cpu": 71.8,
        "memory": 13.44140625,
        "time": 3.134315013885498
    },
    "disk_write": {
        "cpu": 42.5,
        "memory": 503.6953125,
        "time": 2.514221429824829
    },
    "disk_read": {
        "cpu": 62.3,
        "memory": 501.7265625,
        "time": 2.6196391582489014
    },
    "network_download": {
        "cpu": 93.0,
        "memory": 28.609375,
        "time": 12.26960825920105
    },
    "process_spawn": {
        "cpu": 94.9,
        "memory": 24.66015625,
        "time": 0.7893877029418945
    }
}