{
    "idle": {
        "cpu": 34.6,
        "memory": 0.63671875,
        "time": 4.922483444213867
    },
    "cpu_stress": {
        "cpu": 33.3,
        "memory": 36.04296875,
        "time": 12.379982233047485
    },
    "cpu_multi": {
        "cpu": 100.0,
        "memory": 24.60546875,
        "time": 5.351370811462402
    },
    "memory_stress": {
        "cpu": 100.0,
        "memory": 1025.64453125,
        "time": 5.608815431594849
    },
    "memory_large": {
        "cpu": 93.4,
        "memory": 8.8984375,
        "time": 3.91202712059021
    },
    "disk_write": {
        "cpu": 46.0,
        "memory": 483.33984375,
        "time": 2.170978307723999
    },
    "disk_read": {
        "cpu": 53.8,
        "memory": 500.1640625,
        "time": 3.2705130577087402
    },
    "network_download": {
        "cpu": 94.0,
        "memory": 28.3203125,
        "time": 13.474807739257812
    },
    "process_spawn": {
        "cpu": 90.7,
        "memory": 15.63671875,
        "time": 0.9929986000061035
    }
}