{
    "idle": {
        "cpu": 11.1,
        "memory": 2.8984375,
        "time": 6.660170555114746
    },
    "cpu_stress": {
        "cpu": 47.5,
        "memory": 33.8984375,
        "time": 17.570284128189087
    },
    "cpu_multi": {
        "cpu": 99.5,
        "memory": 27.67578125,
        "time": 12.792357444763184
    },
    "memory_stress": {
        "cpu": 100.0,
        "memory": 838.94921875,
        "time": 10.611099243164062
    },
    "memory_large": {
        "cpu": 44.7,
        "memory": 9.55859375,
        "time": 4.274314641952515
    },
    "disk_write": {
        "cpu": 78.0,
        "memory": 503.80078125,
        "time": 3.097151517868042
    },
    "disk_read": {
        "cpu": 78.7,
        "memory": 523.55078125,
        "time": 3.6404614448547363
    },
    "network_download": {
        "cpu": 100.0,
        "memory": 308.71484375,
        "time": 11.595856189727783
    },
    "process_spawn": {
        "cpu": 97.7,
        "memory": 14.859375,
        "time": 0.7302331924438477
    }
}