{
    "idle": {
        "cpu": 76.3,
        "memory": 0.90234375,
        "time": 4.825194358825684
    },
    "cpu_stress": {
        "cpu": 42.9,
        "memory": 34.703125,
        "time": 17.464382648468018
    },
    "cpu_multi": {
        "cpu": 75.3,
        "memory": 28.33984375,
        "time": 17.387725591659546
    },
    "memory_stress": {
        "cpu": 100.0,
        "memory": 1001.87890625,
        "time": 14.156264305114746
    },
    "memory_large": {
        "cpu": 57.4,
        "memory": 8.7421875,
        "time": 5.655528545379639
    },
    "disk_write": {
        "cpu": 50.9,
        "memory": 501.66015625,
        "time": 3.3488576412200928
    },
    "disk_read": {
        "cpu": 64.4,
        "memory": 514.58203125,
        "time": 4.83208441734314
    },
    "network_download": {
        "cpu": 75.6,
        "memory": 16.68359375,
        "time": 16.49800753593445
    },
    "process_spawn": {
        "cpu": 90.0,
        "memory": 12.76171875,
        "time": 1.231004238128662
    }
}