{
    "idle": {
        "cpu": 13.2,
        "memory": 0.54296875,
        "time": 2.500577926635742
    },
    "cpu_stress": {
        "cpu": 27.8,
        "memory": 36.296875,
        "time": 2.750239849090576
    },
    "cpu_multi": {
        "cpu": 99.8,
        "memory": 24.7109375,
        "time": 3.4136929512023926
    },
    "memory_stress": {
        "cpu": 100.0,
        "memory": 789.484375,
        "time": 4.790756702423096
    },
    "memory_large": {
        "cpu": 77.7,
        "memory": 11.17578125,
        "time": 2.4342501163482666
    },
    "disk_write": {
        "cpu": 52.6,
        "memory": 502.32421875,
        "time": 1.4526290893554688
    },
    "disk_read": {
        "cpu": 46.9,
        "memory": 515.390625,
        "time": 2.0029289722442627
    },
    "network_download": {
        "cpu": 29.5,
        "memory": 2.046875,
        "time": 0.13480830192565918
    },
    "process_spawn": {
        "cpu": 88.1,
        "memory": 16.65234375,
        "time": 0.5674409866333008
    }
}