{
    "idle": {
        "cpu": 10.3,
        "memory": 14.41015625,
        "time": 7.501124620437622
    },
    "cpu_stress": {
        "cpu": 37.3,
        "memory": 34.671875,
        "time": 20.031656742095947
    },
    "cpu_multi": {
        "cpu": 100.0,
        "memory": 20.04296875,
        "time": 12.45807957649231
    },
    "memory_stress": {
        "cpu": 100.0,
        "memory": 1121.3359375,
        "time": 10.899550914764404
    },
    "memory_large": {
        "cpu": 35.6,
        "memory": 9.54296875,
        "time": 4.587680101394653
    },
    "disk_write": {
        "cpu": 55.3,
        "memory": 501.3671875,
        "time": 3.3097023963928223
    },
    "disk_read": {
        "cpu": 50.9,
        "memory": 497.7578125,
        "time": 3.738489866256714
    },
    "network_download": {
        "cpu": 81.8,
        "memory": 27.16796875,
        "time": 16.011687755584717
    },
    "process_spawn": {
        "cpu": 92.3,
        "memory": 18.734375,
        "time": 0.7433042526245117
    }
}