{
    "idle": {
        "cpu": 54.2,
        "memory": 9.296875,
        "time": 2.501807451248169
    },
    "cpu_stress": {
        "cpu": 94.1,
        "memory": 47.125,
        "time": 2.810563802719116
    },
    "cpu_multi": {
        "cpu": 100.0,
        "memory": 45.1484375,
        "time": 6.960775375366211
    },
    "memory_stress": {
        "cpu": 100.0,
        "memory": 1068.1015625,
        "time": 4.309352159500122
    },
    "memory_large": {
        "cpu": 80.0,
        "memory": 7.1171875,
        "time": 2.811281681060791
    },
    "disk_write": {
        "cpu": 74.5,
        "memory": 510.6640625,
        "time": 1.6892728805541992
    },
    "disk_read": {
        "cpu": 100.0,
        "memory": 518.546875,
        "time": 2.69124698638916
    },
    "network_download": {
        "cpu": 100.0,
        "memory": 80.3046875,
        "time": 11.266221046447754
    },
    "process_spawn": {
        "cpu": 100.0,
        "memory": 10.03125,
        "time": 0.8300089836120605
    }
}