{
    "idle": {
        "cpu": 4.7,
        "memory": 0.8515625,
        "time": 4.213423490524292
    },
    "cpu_stress": {
        "cpu": 86.0,
        "memory": 36.92578125,
        "time": 5.842198610305786
    },
    "cpu_multi": {
        "cpu": 75.0,
        "memory": 81.5859375,
        "time": 11.10242486000061
    },
    "memory_stress": {
        "cpu": 100.0,
        "memory": 273.125,
        "time": 3.989015579223633
    },
    "memory_large": {
        "cpu": 82.1,
        "memory": 22.9921875,
        "time": 3.011385679244995
    },
    "disk_write": {
        "cpu": 62.5,
        "memory": 500.23828125,
        "time": 1.8557276725769043
    },
    "disk_read": {
        "cpu": 55.8,
        "memory": 499.95703125,
        "time": 2.5577611923217773
    },
    "network_download": {
        "cpu": 78.3,
        "memory": 28.30078125,
        "time": 10.762038469314575
    },
    "process_spawn": {
        "cpu": 89.1,
        "memory": 12.36328125,
        "time": 0.8271939754486084
    }
}