{
    "idle": {
        "cpu": 8.9,
        "memory": 3.328125,
        "time": 3.6370744705200195
    },
    "cpu_stress": {
        "cpu": 28.1,
        "memory": 32.421875,
        "time": 3.554692506790161
    },
    "cpu_multi": {
        "cpu": 97.4,
        "memory": 33.2265625,
        "time": 5.702941656112671
    },
    "memory_stress": {
        "cpu": 100.0,
        "memory": 1215.57421875,
        "time": 5.440817594528198
    },
    "memory_large": {
        "cpu": 10.9,
        "memory": 8.5625,
        "time": 2.1755456924438477
    },
    "disk_write": {
        "cpu": 39.0,
        "memory": 501.203125,
        "time": 1.6709332466125488
    },
    "disk_read": {
        "cpu": 48.9,
        "memory": 504.8671875,
        "time": 2.0170845985412598
    },
    "network_download": {
        "cpu": 78.6,
        "memory": 28.21875,
        "time": 6.260892629623413
    },
    "process_spawn": {
        "cpu": 91.5,
        "memory": 14.83203125,
        "time": 0.43207526206970215
    }
}