{
    "idle": {
        "cpu": 0.0,
        "memory": 0.5859375,
        "time": 7.503721714019775
    },
    "cpu_stress": {
        "cpu": 40.7,
        "memory": 33.30078125,
        "time": 15.150701999664307
    },
    "cpu_multi": {
        "cpu": 75.3,
        "memory": 25.03515625,
        "time": 22.34156107902527
    },
    "memory_stress": {
        "cpu": 100.0,
        "memory": 1038.59765625,
        "time": 20.96770167350769
    },
    "memory_large": {
        "cpu": 98.4,
        "memory": 33.93359375,
        "time": 5.418364524841309
    },
    "disk_write": {
        "cpu": 51.2,
        "memory": 500.765625,
        "time": 3.266444683074951
    },
    "disk_read": {
        "cpu": 49.8,
        "memory": 498.38671875,
        "time": 4.546802759170532
    },
    "network_download": {
        "cpu": 84.2,
        "memory": 28.48828125,
        "time": 15.160698652267456
    },
    "process_spawn": {
        "cpu": 85.4,
        "memory": 20.6953125,
        "time": 0.9483332633972168
    }
}