{
    "idle": {
        "cpu": 100.0,
        "memory": 1.25,
        "time": 3.105855941772461
    },
    "cpu_stress": {
        "cpu": 57.6,
        "memory": 37.9609375,
        "time": 3.2900171279907227
    },
    "cpu_multi": {
        "cpu": 99.9,
        "memory": 32.95703125,
        "time": 7.195853233337402
    },
    "memory_stress": {
        "cpu": 100.0,
        "memory": 727.453125,
        "time": 4.5093019008636475
    },
    "memory_large": {
        "cpu": 25.0,
        "memory": 9.30078125,
        "time": 2.3602442741394043
    },
    "disk_write": {
        "cpu": 47.9,
        "memory": 501.84375,
        "time": 1.5932140350341797
    },
    "disk_read": {
        "cpu": 51.2,
        "memory": 500.41796875,
        "time": 2.0871422290802
    },
    "network_download": {
        "cpu": 44.4,
        "memory": 12.52734375,
        "time": 0.11814165115356445
    },
    "process_spawn": {
        "cpu": 95.8,
        "memory": 13.40234375,
        "time": 0.4796023368835449
    }
}