{
    "idle": {
        "cpu": 46.7,
        "memory": 54.953125,
        "time": 5.904747009277344
    },
    "cpu_stress": {
        "cpu": 51.7,
        "memory": 20.625,
        "time": 20.85247039794922
    },
    "cpu_multi": {
        "cpu": 99.2,
        "memory": 32.74609375,
        "time": 19.8245210647583
    },
    "memory_stress": {
        "cpu": 100.0,
        "memory": 1202.09765625,
        "time": 15.045319318771362
    },
    "memory_large": {
        "cpu": 50.7,
        "memory": 84.40234375,
        "time": 6.0201661586761475
    },
    "disk_write": {
        "cpu": 47.7,
        "memory": 503.24609375,
        "time": 3.646115303039551
    },
    "disk_read": {
        "cpu": 52.2,
        "memory": 498.67578125,
        "time": 4.95231032371521
    },
    "network_download": {
        "cpu": 45.9,
        "memory": 12.94921875,
        "time": 0.3208632469177246
    },
    "process_spawn": {
        "cpu": 95.6,
        "memory": 16.59375,
        "time": 1.2903881072998047
    }
}