{
    "idle": {
        "cpu": 13.2,
        "memory": 0.78515625,
        "time": 2.8281335830688477
    },
    "cpu_stress": {
        "cpu": 42.5,
        "memory": 32.12109375,
        "time": 6.602555274963379
    },
    "cpu_multi": {
        "cpu": 100.0,
        "memory": 25.09375,
        "time": 6.4860520362854
    },
    "memory_stress": {
        "cpu": 100.0,
        "memory": 968.48828125,
        "time": 5.535743236541748
    },
    "memory_large": {
        "cpu": 32.7,
        "memory": 8.828125,
        "time": 2.6215641498565674
    },
    "disk_write": {
        "cpu": 43.2,
        "memory": 502.9609375,
        "time": 1.7712070941925049
    },
    "disk_read": {
        "cpu": 52.2,
        "memory": 513.25390625,
        "time": 2.290360927581787
    },
    "network_download": {
        "cpu": 83.0,
        "memory": 24.94140625,
        "time": 14.755095481872559
    },
    "process_spawn": {
        "cpu": 96.0,
        "memory": 16.2109375,
        "time": 0.70577073097229
    }
}