{
    "idle": {
        "cpu": 54.3,
        "memory": 8.89453125,
        "time": 3.816192865371704
    },
    "cpu_stress": {
        "cpu": 45.1,
        "memory": 24.7265625,
        "time": 6.291877746582031
    },
    "cpu_multi": {
        "cpu": 100.0,
        "memory": 32.109375,
        "time": 7.321078062057495
    },
    "memory_stress": {
        "cpu": 100.0,
        "memory": 1153.1875,
        "time": 4.097083330154419
    },
    "memory_large": {
        "cpu": 100.0,
        "memory": 60.15625,
        "time": 2.4171853065490723
    },
    "disk_write": {
        "cpu": 90.4,
        "memory": 620.3515625,
        "time": 1.4342927932739258
    },
    "disk_read": {
        "cpu": 100.0,
        "memory": 628.52734375,
        "time": 3.232290506362915
    },
    "network_download": {
        "cpu": 96.5,
        "memory": 158.296875,
        "time": 6.590290069580078
    },
    "process_spawn": {
        "cpu": 95.8,
        "memory": 16.69921875,
        "time": 0.528968095779419
    }
}