{
    "idle": {
        "cpu": 2.7,
        "memory": 1.16015625,
        "time": 7.507694482803345
    },
    "cpu_stress": {
        "cpu": 35.0,
        "memory": 35.23828125,
        "time": 15.709706544876099
    },
    "cpu_multi": {
        "cpu": 99.9,
        "memory": 24.28515625,
        "time": 14.866135835647583
    },
    "memory_stress": {
        "cpu": 100.0,
        "memory": 1098.01171875,
        "time": 9.439767122268677
    },
    "memory_large": {
        "cpu": 63.0,
        "memory": 7.4296875,
        "time": 6.030996799468994
    },
    "disk_write": {
        "cpu": 59.1,
        "memory": 515.3515625,
        "time": 3.4626996517181396
    },
    "disk_read": {
        "cpu": 51.5,
        "memory": 516.671875,
        "time": 4.891276836395264
    },
    "network_download": {
        "cpu": 48.7,
        "memory": 6.37109375,
        "time": 0.3464784622192383
    },
    "process_spawn": {
        "cpu": 88.1,
        "memory": 15.640625,
        "time": 1.2429783344268799
    }
}