{
    "idle": {
        "cpu": 47.9,
        "memory": 1.4375,
        "time": 5.299191951751709
    },
    "cpu_stress": {
        "cpu": 48.5,
        "memory": 33.0625,
        "time": 12.998432636260986
    },
    "cpu_multi": {
        "cpu": 100.0,
        "memory": 21.2578125,
        "time": 20.022725105285645
    },
    "memory_stress": {
        "cpu": 100.0,
        "memory": 1210.828125,
        "time": 10.247796297073364
    },
    "memory_large": {
        "cpu": 74.2,
        "memory": 12.60546875,
        "time": 4.183759927749634
    },
    "disk_write": {
        "cpu": 38.5,
        "memory": 501.4453125,
        "time": 2.9971253871917725
    },
    "disk_read": {
        "cpu": 44.0,
        "memory": 500.12890625,
        "time": 3.9857351779937744
    },
    "network_download": {
        "cpu": 91.8,
        "memory": 28.90234375,
        "time": 13.130956649780273
    },
    "process_spawn": {
        "cpu": 92.2,
        "memory": 21.078125,
        "time": 0.6975576877593994
    }
}