{
    "idle": {
        "cpu": 74.2,
        "memory": 1.3828125,
        "time": 4.996352434158325
    },
    "cpu_stress": {
        "cpu": 53.1,
        "memory": 31.75390625,
        "time": 13.51850438117981
    },
    "cpu_multi": {
        "cpu": 94.9,
        "memory": 28.14453125,
        "time": 18.973224401474
    },
    "memory_stress": {
        "cpu": 100.0,
        "memory": 1161.44921875,
        "time": 23.09836745262146
    },
    "memory_large": {
        "cpu": 98.0,
        "memory": 11.2109375,
        "time": 3.93562650680542
    },
    "disk_write": {
        "cpu": 46.7,
        "memory": 501.5859375,
        "time": 2.8125393390655518
    },
    "disk_read": {
        "cpu": 45.1,
        "memory": 498.0625,
        "time": 3.3780415058135986
    },
    "network_download": {
        "cpu": 76.6,
        "memory": 27.6796875,
        "time": 15.796873807907104
    },
    "process_spawn": {
        "cpu": 91.7,
        "memory": 15.81640625,
        "time": 0.9841489791870117
    }
}