{
    "idle": {
        "cpu": 12.8,
        "memory": 0.6640625,
        "time": 6.485302448272705
    },
    "cpu_stress": {
        "cpu": 43.8,
        "memory": 35.41015625,
        "time": 8.416697025299072
    },
    "cpu_multi": {
        "cpu": 99.0,
        "memory": 22.12109375,
        "time": 15.125657558441162
    },
    "memory_stress": {
        "cpu": 100.0,
        "memory": 1084.125,
        "time": 26.315115690231323
    },
    "memory_large": {
        "cpu": 64.4,
        "memory": 30.85546875,
        "time": 4.640707969665527
    },
    "disk_write": {
        "cpu": 84.6,
        "memory": 534.69921875,
        "time": 3.1750130653381348
    },
    "disk_read": {
        "cpu": 48.1,
        "memory": 494.61328125,
        "time": 3.8546230792999268
    },
    "network_download": {
        "cpu": 86.5,
        "memory": 28.76171875,
        "time": 12.380313158035278
    },
    "process_spawn": {
        "cpu": 93.2,
        "memory": 18.01171875,
        "time": 0.8152422904968262
    }
}