{
    "idle": {
        "cpu": 6.7299999999999995,
        "memory": 23.2421875,
        "time": 5.000121593475342
    },
    "cpu_stress": {
        "cpu": 91.37272727272727,
        "memory": 19.640625,
        "time": 5.012178182601929
    },
    "cpu_multi": {
        "cpu": 91.0909090909091,
        "memory": 22.69140625,
        "time": 5.009526968002319
    },
    "memory_stress": {
        "cpu": 91.81818181818181,
        "memory": 810.7578125,
        "time": 5.053490161895752
    },
    "memory_large": {
        "cpu": 6.025,
        "memory": 39.4296875,
        "time": 4.000300645828247
    },
    "disk_write": {
        "cpu": 64.025,
        "memory": 293.8046875,
        "time": 1.8579459190368652
    },
    "disk_read": {
        "cpu": 66.91999999999999,
        "memory": 530.63671875,
        "time": 2.186514139175415
    },
    "network_download": {
        "cpu": 41.76666666666666,
        "memory": 63.015625,
        "time": 5.624719619750977
    },
    "process_spawn": {
        "cpu": 12.9,
        "memory": 0.0,
        "time": 0.14365839958190918
    }
}