{
    "idle": {
        "cpu": 3.3899999999999997,
        "memory": 24.23046875,
        "time": 5.0000903606414795
    },
    "cpu_stress": {
        "cpu": 91.83636363636364,
        "memory": 23.94140625,
        "time": 5.014966726303101
    },
    "cpu_multi": {
        "cpu": 91.46363636363637,
        "memory": 10.20703125,
        "time": 5.011069059371948
    },
    "memory_stress": {
        "cpu": 92.36363636363636,
        "memory": 998.62890625,
        "time": 5.058615446090698
    },
    "memory_large": {
        "cpu": 3.5125,
        "memory": 0.05078125,
        "time": 4.000255584716797
    },
    "disk_write": {
        "cpu": 66.55,
        "memory": 445.22265625,
        "time": 1.8754076957702637
    },
    "disk_read": {
        "cpu": 59.879999999999995,
        "memory": 533.56640625,
        "time": 2.157590866088867
    },
    "network_download": {
        "cpu": 44.9,
        "memory": 59.6484375,
        "time": 5.557666063308716
    },
    "process_spawn": {
        "cpu": 10.1,
        "memory": 0.0,
        "time": 0.1431586742401123
    }
}