{
    "idle": {
        "cpu": 4.73,
        "memory": 9.84765625,
        "time": 5.000099420547485
    },
    "cpu_stress": {
        "cpu": 99.9,
        "memory": 11.7265625,
        "time": 5.008636236190796
    },
    "cpu_multi": {
        "cpu": 100.0,
        "memory": 14.66796875,
        "time": 5.008681058883667
    },
    "memory_stress": {
        "cpu": 91.56363636363636,
        "memory": 1032.625,
        "time": 5.050928115844727
    },
    "memory_large": {
        "cpu": 3.625,
        "memory": 2.75,
        "time": 4.000259160995483
    },
    "disk_write": {
        "cpu": 61.225,
        "memory": 517.43359375,
        "time": 1.904210090637207
    },
    "disk_read": {
        "cpu": 66.7,
        "memory": 517.15625,
        "time": 2.1879801750183105
    },
    "network_download": {
        "cpu": 46.49090909090909,
        "memory": 63.09375,
        "time": 5.0222227573394775
    },
    "process_spawn": {
        "cpu": 11.0,
        "memory": 0.0,
        "time": 0.1379861831665039
    }
}