{
    "idle": {
        "cpu": 5.93,
        "memory": 46.00390625,
        "time": 5.000100374221802
    },
    "cpu_stress": {
        "cpu": 91.55454545454546,
        "memory": 8.296875,
        "time": 5.00885272026062
    },
    "cpu_multi": {
        "cpu": 91.0909090909091,
        "memory": 16.14453125,
        "time": 5.010707139968872
    },
    "memory_stress": {
        "cpu": 92.10000000000001,
        "memory": 1016.1484375,
        "time": 5.0539655685424805
    },
    "memory_large": {
        "cpu": 6.75,
        "memory": 8.7578125,
        "time": 4.000303745269775
    },
    "disk_write": {
        "cpu": 57.15,
        "memory": 517.77734375,
        "time": 1.7771925926208496
    },
    "disk_read": {
        "cpu": 58.82000000000001,
        "memory": 554.37890625,
        "time": 2.1731855869293213
    },
    "network_download": {
        "cpu": 45.7,
        "memory": 52.83203125,
        "time": 5.387181997299194
    },
    "process_spawn": {
        "cpu": 11.1,
        "memory": 0.0,
        "time": 0.1374976634979248
    }
}