{
    "idle": {
        "cpu": 4.51,
        "memory": 19.6953125,
        "time": 5.0000715255737305
    },
    "cpu_stress": {
        "cpu": 92.00909090909092,
        "memory": 13.08984375,
        "time": 5.014151334762573
    },
    "cpu_multi": {
        "cpu": 91.82727272727273,
        "memory": 52.8203125,
        "time": 5.013448715209961
    },
    "memory_stress": {
        "cpu": 92.15454545454546,
        "memory": 825.32421875,
        "time": 5.055676460266113
    },
    "memory_large": {
        "cpu": 2.7625,
        "memory": 228.859375,
        "time": 4.000277757644653
    },
    "disk_write": {
        "cpu": 71.125,
        "memory": 475.203125,
        "time": 2.0023322105407715
    },
    "disk_read": {
        "cpu": 59.580000000000005,
        "memory": 545.73046875,
        "time": 2.1120352745056152
    },
    "network_download": {
        "cpu": 45.58461538461539,
        "memory": 85.265625,
        "time": 6.11710524559021
    },
    "process_spawn": {
        "cpu": 20.4,
        "memory": 0.0,
        "time": 0.13783860206604004
    }
}