{
    "idle": {
        "cpu": 5.64,
        "memory": 21.46875,
        "time": 5.000131130218506
    },
    "cpu_stress": {
        "cpu": 99.9,
        "memory": 25.62109375,
        "time": 5.008455514907837
    },
    "cpu_multi": {
        "cpu": 91.18181818181819,
        "memory": 8.0859375,
        "time": 5.011210203170776
    },
    "memory_stress": {
        "cpu": 91.91818181818182,
        "memory": 921.9375,
        "time": 5.053017616271973
    },
    "memory_large": {
        "cpu": 6.3,
        "memory": 48.625,
        "time": 4.000268220901489
    },
    "disk_write": {
        "cpu": 51.475,
        "memory": 542.80078125,
        "time": 1.764085292816162
    },
    "disk_read": {
        "cpu": 65.42,
        "memory": 494.38671875,
        "time": 2.116579055786133
    },
    "network_download": {
        "cpu": 45.36,
        "memory": 58.9296875,
        "time": 4.8936803340911865
    },
    "process_spawn": {
        "cpu": 23.0,
        "memory": 0.0,
        "time": 0.13700342178344727
    }
}