{
    "idle": {
        "cpu": 3.62,
        "memory": 7.90625,
        "time": 5.000099182128906
    },
    "cpu_stress": {
        "cpu": 91.0909090909091,
        "memory": 16.4765625,
        "time": 5.00996208190918
    },
    "cpu_multi": {
        "cpu": 91.18181818181819,
        "memory": 7.01171875,
        "time": 5.008906126022339
    },
    "memory_stress": {
        "cpu": 91.81818181818181,
        "memory": 850.4296875,
        "time": 5.054845809936523
    },
    "memory_large": {
        "cpu": 4.5375,
        "memory": 40.4921875,
        "time": 4.000298738479614
    },
    "disk_write": {
        "cpu": 65.0,
        "memory": 399.578125,
        "time": 1.819260835647583
    },
    "disk_read": {
        "cpu": 59.08,
        "memory": 575.9140625,
        "time": 2.127319574356079
    },
    "network_download": {
        "cpu": 41.666666666666664,
        "memory": 56.5078125,
        "time": 5.699727773666382
    },
    "process_spawn": {
        "cpu": 9.1,
        "memory": 0.0,
        "time": 0.13738703727722168
    }
}