{
    "idle": {
        "cpu": 6.340000000000001,
        "memory": 13.68359375,
        "time": 5.000080585479736
    },
    "cpu_stress": {
        "cpu": 91.64545454545454,
        "memory": 5.9375,
        "time": 5.009979248046875
    },
    "cpu_multi": {
        "cpu": 91.28181818181818,
        "memory": 16.390625,
        "time": 5.013879776000977
    },
    "memory_stress": {
        "cpu": 92.10000000000001,
        "memory": 989.34375,
        "time": 5.054400682449341
    },
    "memory_large": {
        "cpu": 5.7875,
        "memory": 21.45703125,
        "time": 4.000239849090576
    },
    "disk_write": {
        "cpu": 64.8,
        "memory": 527.73828125,
        "time": 1.8498101234436035
    },
    "disk_read": {
        "cpu": 54.5,
        "memory": 506.39453125,
        "time": 2.003988742828369
    },
    "network_download": {
        "cpu": 45.53333333333334,
        "memory": 56.234375,
        "time": 4.036802291870117
    },
    "process_spawn": {
        "cpu": 8.1,
        "memory": 0.0,
        "time": 0.136962890625
    }
}