{
    "idle": {
        "cpu": 4.41,
        "memory": 8.21484375,
        "time": 5.0000832080841064
    },
    "cpu_stress": {
        "cpu": 99.9,
        "memory": 20.9375,
        "time": 5.009822368621826
    },
    "cpu_multi": {
        "cpu": 99.9,
        "memory": 8.48046875,
        "time": 5.007632255554199
    },
    "memory_stress": {
        "cpu": 94.02727272727272,
        "memory": 1024.9453125,
        "time": 5.051528453826904
    },
    "memory_large": {
        "cpu": 4.3625,
        "memory": 0.46484375,
        "time": 4.000351905822754
    },
    "disk_write": {
        "cpu": 58.85,
        "memory": 402.3359375,
        "time": 1.786778450012207
    },
    "disk_read": {
        "cpu": 57.86,
        "memory": 502.796875,
        "time": 2.0929923057556152
    },
    "network_download": {
        "cpu": 40.74285714285715,
        "memory": 43.6953125,
        "time": 6.627255439758301
    },
    "process_spawn": {
        "cpu": 15.2,
        "memory": 0.0,
        "time": 0.13889384269714355
    }
}