{
    "idle": {
        "cpu": 14.9,
        "memory": 0.24609375,
        "time": 5.002528190612793
    },
    "cpu_stress": {
        "cpu": 8.5,
        "memory": 5.1171875,
        "time": 5.064999103546143
    },
    "cpu_multi": {
        "cpu": 100.0,
        "memory": 8.53125,
        "time": 5.153684139251709
    },
    "memory_stress": {
        "cpu": 4.8,
        "memory": 1017.72265625,
        "time": 5.943315505981445
    },
    "memory_large": {
        "cpu": 1.7,
        "memory": 24.5,
        "time": 4.0038769245147705
    },
    "disk_write": {
        "cpu": 5.1,
        "memory": 522.0859375,
        "time": 0.9653923511505127
    },
    "disk_read": {
        "cpu": 3.2,
        "memory": 512.8671875,
        "time": 1.1611979007720947
    },
    "network_download": {
        "cpu": 62.9,
        "memory": 79.5078125,
        "time": 10.878551721572876
    },
    "process_spawn": {
        "cpu": 76.5,
        "memory": 11.75390625,
        "time": 0.3281667232513428
    }
}