{
    "idle": {
        "cpu": 17.2,
        "memory": 13.0390625,
        "time": 5.000884056091309
    },
    "cpu_stress": {
        "cpu": 13.6,
        "memory": 8.71875,
        "time": 5.0283472537994385
    },
    "cpu_multi": {
        "cpu": 22.2,
        "memory": 4.51171875,
        "time": 39.228266954422
    },
    "memory_stress": {
        "cpu": 22.5,
        "memory": 888.98828125,
        "time": 11.115321397781372
    },
    "memory_large": {
        "cpu": 3.3,
        "memory": 48.765625,
        "time": 4.007470607757568
    },
    "disk_write": {
        "cpu": 1.6,
        "memory": 58.03515625,
        "time": 0.9485104084014893
    },
    "disk_read": {
        "cpu": 2.0,
        "memory": 506.05078125,
        "time": 1.1512832641601562
    },
    "network_download": {
        "cpu": 66.7,
        "memory": 85.32421875,
        "time": 10.875515699386597
    },
    "process_spawn": {
        "cpu": 74.5,
        "memory": 13.52734375,
        "time": 0.2652013301849365
    }
}