{
    "idle": {
        "cpu": 13.0,
        "memory": 6.5390625,
        "time": 5.002735614776611
    },
    "cpu_stress": {
        "cpu": 17.6,
        "memory": 4.87890625,
        "time": 6.2768144607543945
    },
    "cpu_multi": {
        "cpu": 100.0,
        "memory": 5.48046875,
        "time": 6.044319152832031
    },
    "memory_stress": {
        "cpu": 6.7,
        "memory": 1048.03515625,
        "time": 6.018612623214722
    },
    "memory_large": {
        "cpu": 7.1,
        "memory": 78.9296875,
        "time": 4.0582275390625
    },
    "disk_write": {
        "cpu": 11.8,
        "memory": 500.69921875,
        "time": 0.9920740127563477
    },
    "disk_read": {
        "cpu": 9.1,
        "memory": 456.6171875,
        "time": 1.2066173553466797
    },
    "network_download": {
        "cpu": 3.8,
        "memory": 9.23828125,
        "time": 0.13189148902893066
    },
    "process_spawn": {
        "cpu": 58.5,
        "memory": 20.421875,
        "time": 0.7729430198669434
    }
}