{
    "idle": {
        "cpu": 12.5,
        "memory": 10.05078125,
        "time": 5.004296541213989
    },
    "cpu_stress": {
        "cpu": 17.9,
        "memory": 8.0703125,
        "time": 5.077750205993652
    },
    "cpu_multi": {
        "cpu": 100.0,
        "memory": 4.58984375,
        "time": 5.86781644821167
    },
    "memory_stress": {
        "cpu": 6.7,
        "memory": 1150.6484375,
        "time": 6.920533180236816
    },
    "memory_large": {
        "cpu": 3.5,
        "memory": 52.4609375,
        "time": 4.020347833633423
    },
    "disk_write": {
        "cpu": 8.5,
        "memory": 495.421875,
        "time": 1.0077989101409912
    },
    "disk_read": {
        "cpu": 10.3,
        "memory": 513.37890625,
        "time": 1.208930492401123
    },
    "network_download": {
        "cpu": 40.5,
        "memory": 58.70703125,
        "time": 10.855438947677612
    },
    "process_spawn": {
        "cpu": 65.3,
        "memory": 20.953125,
        "time": 0.26408958435058594
    }
}