{
    "idle": {
        "cpu": 3.3,
        "memory": 4.1640625,
        "time": 5.00179386138916
    },
    "cpu_stress": {
        "cpu": 15.6,
        "memory": 1.78515625,
        "time": 5.054063320159912
    },
    "cpu_multi": {
        "cpu": 52.2,
        "memory": 3.12890625,
        "time": 10.046300411224365
    },
    "memory_stress": {
        "cpu": 41.0,
        "memory": 1141.9296875,
        "time": 5.9258363246917725
    },
    "memory_large": {
        "cpu": 6.7,
        "memory": 81.30078125,
        "time": 4.001614093780518
    },
    "disk_write": {
        "cpu": 1.7,
        "memory": 493.53515625,
        "time": 0.9406561851501465
    },
    "disk_read": {
        "cpu": 5.3,
        "memory": 510.79296875,
        "time": 1.1510646343231201
    },
    "network_download": {
        "cpu": 40.0,
        "memory": 94.390625,
        "time": 11.292724609375
    },
    "process_spawn": {
        "cpu": 66.0,
        "memory": 23.30078125,
        "time": 0.25739550590515137
    }
}