{
    "idle": {
        "cpu": 4.9,
        "memory": 0.1484375,
        "time": 5.001253843307495
    },
    "cpu_stress": {
        "cpu": 0.6,
        "memory": 4.625,
        "time": 5.612169981002808
    },
    "cpu_multi": {
        "cpu": 100.0,
        "memory": 5.578125,
        "time": 5.90372109413147
    },
    "memory_stress": {
        "cpu": 51.3,
        "memory": 1145.34375,
        "time": 5.997882127761841
    },
    "memory_large": {
        "cpu": 6.9,
        "memory": 51.61328125,
        "time": 4.033557891845703
    },
    "disk_write": {
        "cpu": 13.1,
        "memory": 502.8515625,
        "time": 1.0003421306610107
    },
    "disk_read": {
        "cpu": 15.8,
        "memory": 508.3125,
        "time": 1.2423186302185059
    },
    "network_download": {
        "cpu": 29.4,
        "memory": 74.453125,
        "time": 13.262861490249634
    },
    "process_spawn": {
        "cpu": 70.6,
        "memory": 20.99609375,
        "time": 0.25931406021118164
    }
}