{
    "idle": {
        "cpu": 18.6,
        "memory": 0.140625,
        "time": 5.0009260177612305
    },
    "cpu_stress": {
        "cpu": 12.6,
        "memory": 5.359375,
        "time": 5.050826072692871
    },
    "cpu_multi": {
        "cpu": 100.0,
        "memory": 17.38671875,
        "time": 5.42077112197876
    },
    "memory_stress": {
        "cpu": 6.7,
        "memory": 1033.87890625,
        "time": 5.92789626121521
    },
    "memory_large": {
        "cpu": 22.9,
        "memory": 68.890625,
        "time": 4.01097559928894
    },
    "disk_write": {
        "cpu": 6.5,
        "memory": 520.5625,
        "time": 0.9497761726379395
    },
    "disk_read": {
        "cpu": 5.6,
        "memory": 509.21875,
        "time": 1.1342840194702148
    },
    "network_download": {
        "cpu": 39.4,
        "memory": 72.8671875,
        "time": 12.130523920059204
    },
    "process_spawn": {
        "cpu": 71.7,
        "memory": 22.140625,
        "time": 0.22426247596740723
    }
}