{
    "idle": {
        "cpu": 23.5,
        "memory": 3.30859375,
        "time": 5.0018534660339355
    },
    "cpu_stress": {
        "cpu": 29.8,
        "memory": 12.75390625,
        "time": 5.035254955291748
    },
    "cpu_multi": {
        "cpu": 100.0,
        "memory": 23.68359375,
        "time": 5.812853574752808
    },
    "memory_stress": {
        "cpu": 10.0,
        "memory": 1186.0546875,
        "time": 5.436239957809448
    },
    "memory_large": {
        "cpu": 62.8,
        "memory": 56.359375,
        "time": 4.010969400405884
    },
    "disk_write": {
        "cpu": 33.3,
        "memory": 506.984375,
        "time": 1.260976791381836
    },
    "disk_read": {
        "cpu": 28.8,
        "memory": 534.19140625,
        "time": 1.5011143684387207
    },
    "network_download": {
        "cpu": 86.2,
        "memory": 186.8515625,
        "time": 12.165189743041992
    },
    "process_spawn": {
        "cpu": 69.4,
        "memory": 10.69140625,
        "time": 0.31710004806518555
    }
}