{
    "idle": {
        "cpu": 6.3,
        "memory": 1.77734375,
        "time": 5.001116752624512
    },
    "cpu_stress": {
        "cpu": 5.1,
        "memory": 5.0390625,
        "time": 5.755486249923706
    },
    "cpu_multi": {
        "cpu": 100.0,
        "memory": 5.66796875,
        "time": 6.024580478668213
    },
    "memory_stress": {
        "cpu": 15.3,
        "memory": 1106.74609375,
        "time": 5.830768823623657
    },
    "memory_large": {
        "cpu": 24.5,
        "memory": 78.1640625,
        "time": 4.009279489517212
    },
    "disk_write": {
        "cpu": 7.4,
        "memory": 504.2109375,
        "time": 1.0215044021606445
    },
    "disk_read": {
        "cpu": 44.9,
        "memory": 532.6640625,
        "time": 1.2956733703613281
    },
    "network_download": {
        "cpu": 3.6,
        "memory": 0.0,
        "time": 0.12233161926269531
    },
    "process_spawn": {
        "cpu": 73.6,
        "memory": 8.8046875,
        "time": 0.26047444343566895
    }
}