{
    "idle": {
        "cpu": 1.6,
        "memory": 10.24609375,
        "time": 5.000598907470703
    },
    "cpu_stress": {
        "cpu": 14.3,
        "memory": 3.19140625,
        "time": 5.098581075668335
    },
    "cpu_multi": {
        "cpu": 17.2,
        "memory": 4.609375,
        "time": 10.598505020141602
    },
    "memory_stress": {
        "cpu": 48.6,
        "memory": 1034.5,
        "time": 5.063037395477295
    },
    "memory_large": {
        "cpu": 33.3,
        "memory": 49.0,
        "time": 4.00203537940979
    },
    "disk_write": {
        "cpu": 8.3,
        "memory": 460.4765625,
        "time": 1.0578675270080566
    },
    "disk_read": {
        "cpu": 15.0,
        "memory": 526.53125,
        "time": 1.3738493919372559
    },
    "network_download": {
        "cpu": 42.9,
        "memory": 88.16796875,
        "time": 11.579197883605957
    },
    "process_spawn": {
        "cpu": 79.2,
        "memory": 21.234375,
        "time": 0.3090848922729492
    }
}