{
    "idle": {
        "cpu": 8.9,
        "memory": 13.75,
        "time": 5.000421047210693
    },
    "cpu_stress": {
        "cpu": 14.8,
        "memory": 4.6953125,
        "time": 5.043803691864014
    },
    "cpu_multi": {
        "cpu": 100.0,
        "memory": 7.8046875,
        "time": 5.646690368652344
    },
    "memory_stress": {
        "cpu": 3.4,
        "memory": 1182.69921875,
        "time": 5.930351734161377
    },
    "memory_large": {
        "cpu": 8.7,
        "memory": 76.94140625,
        "time": 4.00465726852417
    },
    "disk_write": {
        "cpu": 5.9,
        "memory": 441.09375,
        "time": 1.0931456089019775
    },
    "disk_read": {
        "cpu": 10.7,
        "memory": 507.64453125,
        "time": 1.2462811470031738
    },
    "network_download": {
        "cpu": 7.4,
        "memory": 5.953125,
        "time": 0.129685640335083
    },
    "process_spawn": {
        "cpu": 70.2,
        "memory": 11.11328125,
        "time": 0.2966146469116211
    }
}