{
    "idle": {
        "cpu": 6.4,
        "memory": 9.91015625,
        "time": 5.002550840377808
    },
    "cpu_stress": {
        "cpu": 13.7,
        "memory": 4.7265625,
        "time": 5.884331226348877
    },
    "cpu_multi": {
        "cpu": 100.0,
        "memory": 10.34765625,
        "time": 6.034405946731567
    },
    "memory_stress": {
        "cpu": 6.1,
        "memory": 1031.4921875,
        "time": 5.931381464004517
    },
    "memory_large": {
        "cpu": 3.6,
        "memory": 65.69921875,
        "time": 4.0058557987213135
    },
    "disk_write": {
        "cpu": 0.0,
        "memory": 0.0,
        "time": 0.9721992015838623
    },
    "disk_read": {
        "cpu": 2.0,
        "memory": 507.5546875,
        "time": 1.1548612117767334
    },
    "network_download": {
        "cpu": 45.0,
        "memory": 86.40625,
        "time": 10.914934396743774
    },
    "process_spawn": {
        "cpu": 63.8,
        "memory": 19.0234375,
        "time": 0.2681009769439697
    }
}