{
    "idle": {
        "cpu": 4.9,
        "memory": 0.06640625,
        "time": 5.00175666809082
    },
    "cpu_stress": {
        "cpu": 12.3,
        "memory": 4.7265625,
        "time": 11.575471878051758
    },
    "cpu_multi": {
        "cpu": 21.5,
        "memory": 11.2578125,
        "time": 63.29633903503418
    },
    "memory_stress": {
        "cpu": 42.1,
        "memory": 1179.2265625,
        "time": 6.06435227394104
    },
    "memory_large": {
        "cpu": 6.1,
        "memory": 64.55859375,
        "time": 4.0062174797058105
    },
    "disk_write": {
        "cpu": 0.0,
        "memory": 0.0,
        "time": 0.957270622253418
    },
    "disk_read": {
        "cpu": 1.4,
        "memory": 511.90234375,
        "time": 1.1199777126312256
    },
    "network_download": {
        "cpu": 53.1,
        "memory": 93.43359375,
        "time": 10.806371212005615
    },
    "process_spawn": {
        "cpu": 64.7,
        "memory": 18.8125,
        "time": 0.272092342376709
    }
}