{
    "idle": {
        "cpu": 6.1,
        "memory": 0.078125,
        "time": 5.028499126434326
    },
    "cpu_stress": {
        "cpu": 9.2,
        "memory": 4.59765625,
        "time": 5.036143779754639
    },
    "cpu_multi": {
        "cpu": 18.9,
        "memory": 4.25390625,
        "time": 10.784362077713013
    },
    "memory_stress": {
        "cpu": 8.8,
        "memory": 1152.85546875,
        "time": 5.961575508117676
    },
    "memory_large": {
        "cpu": 3.5,
        "memory": 60.16015625,
        "time": 4.004039525985718
    },
    "disk_write": {
        "cpu": 9.2,
        "memory": 551.51171875,
        "time": 0.9847574234008789
    },
    "disk_read": {
        "cpu": 16.7,
        "memory": 509.80078125,
        "time": 1.1816933155059814
    },
    "network_download": {
        "cpu": 30.2,
        "memory": 100.17578125,
        "time": 14.85087275505066
    },
    "process_spawn": {
        "cpu": 68.1,
        "memory": 18.45703125,
        "time": 0.2776055335998535
    }
}