{
    "idle": {
        "cpu": 8.1,
        "memory": 6.1796875,
        "time": 5.040627717971802
    },
    "cpu_stress": {
        "cpu": 13.0,
        "memory": 6.55078125,
        "time": 6.36383843421936
    },
    "cpu_multi": {
        "cpu": 6.6,
        "memory": 6.625,
        "time": 9.931963920593262
    },
    "memory_stress": {
        "cpu": 5.2,
        "memory": 0.0,
        "time": 5.964655637741089
    },
    "memory_large": {
        "cpu": 3.6,
        "memory": 86.5,
        "time": 4.002923965454102
    },
    "disk_write": {
        "cpu": 11.7,
        "memory": 444.265625,
        "time": 0.9987802505493164
    },
    "disk_read": {
        "cpu": 12.9,
        "memory": 541.89453125,
        "time": 1.1855628490447998
    },
    "network_download": {
        "cpu": 36.4,
        "memory": 142.21875,
        "time": 12.18251919746399
    },
    "process_spawn": {
        "cpu": 65.4,
        "memory": 26.90625,
        "time": 0.26143884658813477
    }
}