{
    "idle": {
        "cpu": 5.9,
        "memory": 3.54296875,
        "time": 5.001599550247192
    },
    "cpu_stress": {
        "cpu": 11.7,
        "memory": 3.40625,
        "time": 5.043628454208374
    },
    "cpu_multi": {
        "cpu": 100.0,
        "memory": 6.8125,
        "time": 5.102518558502197
    },
    "memory_stress": {
        "cpu": 42.9,
        "memory": 1154.40234375,
        "time": 5.993301868438721
    },
    "memory_large": {
        "cpu": 1.7,
        "memory": 58.68359375,
        "time": 4.003865718841553
    },
    "disk_write": {
        "cpu": 10.0,
        "memory": 522.9140625,
        "time": 1.0021181106567383
    },
    "disk_read": {
        "cpu": 11.1,
        "memory": 519.77734375,
        "time": 1.1824781894683838
    },
    "network_download": {
        "cpu": 51.5,
        "memory": 54.3671875,
        "time": 10.797342777252197
    },
    "process_spawn": {
        "cpu": 71.4,
        "memory": 23.18359375,
        "time": 0.259812593460083
    }
}