{
    "idle": {
        "cpu": 19.2,
        "memory": 5.97265625,
        "time": 5.00109338760376
    },
    "cpu_stress": {
        "cpu": 17.0,
        "memory": 24.01953125,
        "time": 5.0723395347595215
    },
    "cpu_multi": {
        "cpu": 100.0,
        "memory": 16.6484375,
        "time": 5.836694240570068
    },
    "memory_stress": {
        "cpu": 47.2,
        "memory": 1030.62109375,
        "time": 5.65197491645813
    },
    "memory_large": {
        "cpu": 8.6,
        "memory": 59.92578125,
        "time": 4.002061128616333
    },
    "disk_write": {
        "cpu": 7.9,
        "memory": 502.484375,
        "time": 1.0400757789611816
    },
    "disk_read": {
        "cpu": 12.9,
        "memory": 471.1015625,
        "time": 1.199324607849121
    },
    "network_download": {
        "cpu": 42.1,
        "memory": 57.8984375,
        "time": 10.839936256408691
    },
    "process_spawn": {
        "cpu": 63.3,
        "memory": 13.63671875,
        "time": 0.29058194160461426
    }
}