{
    "idle": {
        "cpu": 6.8,
        "memory": 12.00390625,
        "time": 5.009491205215454
    },
    "cpu_stress": {
        "cpu": 17.2,
        "memory": 5.1171875,
        "time": 6.599599361419678
    },
    "cpu_multi": {
        "cpu": 100.0,
        "memory": 14.28125,
        "time": 5.046770095825195
    },
    "memory_stress": {
        "cpu": 9.6,
        "memory": 1018.98828125,
        "time": 5.225456237792969
    },
    "memory_large": {
        "cpu": 3.6,
        "memory": 60.10546875,
        "time": 4.02553129196167
    },
    "disk_write": {
        "cpu": 7.3,
        "memory": 474.01171875,
        "time": 0.9800794124603271
    },
    "disk_read": {
        "cpu": 6.3,
        "memory": 498.33984375,
        "time": 1.2124083042144775
    },
    "network_download": {
        "cpu": 10.3,
        "memory": 0.95703125,
        "time": 0.13690400123596191
    },
    "process_spawn": {
        "cpu": 70.6,
        "memory": 14.46484375,
        "time": 0.2913494110107422
    }
}