{
    "idle": {
        "cpu": 8.5,
        "memory": 17.08984375,
        "time": 5.001292943954468
    },
    "cpu_stress": {
        "cpu": 15.3,
        "memory": 7.5859375,
        "time": 5.63946270942688
    },
    "cpu_multi": {
        "cpu": 100.0,
        "memory": 9.09375,
        "time": 5.760932683944702
    },
    "memory_stress": {
        "cpu": 25.0,
        "memory": 1153.63671875,
        "time": 5.910074234008789
    },
    "memory_large": {
        "cpu": 18.2,
        "memory": 41.3984375,
        "time": 4.003392457962036
    },
    "disk_write": {
        "cpu": 8.5,
        "memory": 400.98046875,
        "time": 1.040515661239624
    },
    "disk_read": {
        "cpu": 9.6,
        "memory": 442.2421875,
        "time": 1.2016849517822266
    },
    "network_download": {
        "cpu": 9.8,
        "memory": 0.125,
        "time": 0.11907553672790527
    },
    "process_spawn": {
        "cpu": 68.6,
        "memory": 4.44921875,
        "time": 0.2928473949432373
    }
}