{
    "idle": {
        "cpu": 6.2,
        "memory": 12.88671875,
        "time": 5.018385887145996
    },
    "cpu_stress": {
        "cpu": 12.0,
        "memory": 11.4140625,
        "time": 5.0303425788879395
    },
    "cpu_multi": {
        "cpu": 16.7,
        "memory": 15.1171875,
        "time": 12.580710411071777
    },
    "memory_stress": {
        "cpu": 41.5,
        "memory": 1172.91796875,
        "time": 5.974524259567261
    },
    "memory_large": {
        "cpu": 7.4,
        "memory": 62.40625,
        "time": 4.025164365768433
    },
    "disk_write": {
        "cpu": 10.2,
        "memory": 336.09765625,
        "time": 1.0141010284423828
    },
    "disk_read": {
        "cpu": 16.2,
        "memory": 479.98046875,
        "time": 1.183434247970581
    },
    "network_download": {
        "cpu": 5.6,
        "memory": 14.765625,
        "time": 0.147782564163208
    },
    "process_spawn": {
        "cpu": 66.0,
        "memory": 12.4375,
        "time": 0.28511500358581543
    }
}