{
    "idle": {
        "cpu": 5.909999999999999,
        "memory": 39.76953125,
        "time": 5.000096797943115
    },
    "cpu_stress": {
        "cpu": 91.0,
        "memory": 3.25,
        "time": 5.009169578552246
    },
    "cpu_multi": {
        "cpu": 91.28181818181818,
        "memory": 67.03125,
        "time": 5.011470556259155
    },
    "memory_stress": {
        "cpu": 92.2909090909091,
        "memory": 1042.01953125,
        "time": 5.051638603210449
    },
    "memory_large": {
        "cpu": 5.625,
        "memory": 27.39453125,
        "time": 4.000242471694946
    },
    "disk_write": {
        "cpu": 59.7,
        "memory": 503.3046875,
        "time": 1.8662123680114746
    },
    "disk_read": {
        "cpu": 65.14,
        "memory": 523.73828125,
        "time": 2.270810842514038
    },
    "network_download": {
        "cpu": 49.7,
        "memory": 100.58203125,
        "time": 5.4950926303863525
    },
    "process_spawn": {
        "cpu": 13.0,
        "memory": 0.0,
        "time": 0.1380152702331543
    }
}