{
    "idle": {
        "cpu": 4.42,
        "memory": 4.65625,
        "time": 5.0000832080841064
    },
    "cpu_stress": {
        "cpu": 91.62727272727273,
        "memory": 13.24609375,
        "time": 5.013267755508423
    },
    "cpu_multi": {
        "cpu": 91.0909090909091,
        "memory": 0.30078125,
        "time": 5.008060693740845
    },
    "memory_stress": {
        "cpu": 92.27272727272727,
        "memory": 1015.47265625,
        "time": 5.055510759353638
    },
    "memory_large": {
        "cpu": 5.5125,
        "memory": 8.3984375,
        "time": 4.00026798248291
    },
    "disk_write": {
        "cpu": 63.15,
        "memory": 363.31640625,
        "time": 1.7615911960601807
    },
    "disk_read": {
        "cpu": 58.3,
        "memory": 566.74609375,
        "time": 2.1270666122436523
    },
    "network_download": {
        "cpu": 41.05833333333334,
        "memory": 73.734375,
        "time": 5.560673713684082
    },
    "process_spawn": {
        "cpu": 10.2,
        "memory": 0.0,
        "time": 0.13785171508789062
    }
}