{
    "idle": {
        "cpu": 9.76,
        "memory": 36.453125,
        "time": 5.000082492828369
    },
    "cpu_stress": {
        "cpu": 91.0909090909091,
        "memory": 11.6015625,
        "time": 5.0103068351745605
    },
    "cpu_multi": {
        "cpu": 91.0,
        "memory": 9.96875,
        "time": 5.010807037353516
    },
    "memory_stress": {
        "cpu": 91.91818181818182,
        "memory": 1000.3046875,
        "time": 5.057807445526123
    },
    "memory_large": {
        "cpu": 7.1375,
        "memory": 16.5703125,
        "time": 4.000247240066528
    },
    "disk_write": {
        "cpu": 50.824999999999996,
        "memory": 527.31640625,
        "time": 1.7153568267822266
    },
    "disk_read": {
        "cpu": 71.2,
        "memory": 495.265625,
        "time": 2.3265862464904785
    },
    "network_download": {
        "cpu": 49.96363636363637,
        "memory": 40.73828125,
        "time": 5.423265218734741
    },
    "process_spawn": {
        "cpu": 14.1,
        "memory": 0.0,
        "time": 0.13758230209350586
    }
}