{
    "idle": {
        "cpu": 4.0200000000000005,
        "memory": 0.24609375,
        "time": 5.000085115432739
    },
    "cpu_stress": {
        "cpu": 90.9090909090909,
        "memory": 12.82421875,
        "time": 5.010433197021484
    },
    "cpu_multi": {
        "cpu": 91.18181818181819,
        "memory": 0.5390625,
        "time": 5.0086541175842285
    },
    "memory_stress": {
        "cpu": 92.36363636363636,
        "memory": 1021.6640625,
        "time": 5.0691916942596436
    },
    "memory_large": {
        "cpu": 3.8875,
        "memory": 10.99609375,
        "time": 4.00027060508728
    },
    "disk_write": {
        "cpu": 64.19999999999999,
        "memory": 511.53125,
        "time": 1.8816869258880615
    },
    "disk_read": {
        "cpu": 57.9,
        "memory": 483.9765625,
        "time": 2.092660427093506
    },
    "network_download": {
        "cpu": 50.92727272727273,
        "memory": 49.10546875,
        "time": 5.118515729904175
    },
    "process_spawn": {
        "cpu": 13.3,
        "memory": 0.0,
        "time": 0.1383523941040039
    }
}