{
    "idle": {
        "cpu": 5.83,
        "memory": 24.58203125,
        "time": 5.0000786781311035
    },
    "cpu_stress": {
        "cpu": 91.27272727272727,
        "memory": 8.40234375,
        "time": 5.013217926025391
    },
    "cpu_multi": {
        "cpu": 91.37272727272727,
        "memory": 26.29296875,
        "time": 5.011216163635254
    },
    "memory_stress": {
        "cpu": 91.82727272727273,
        "memory": 840.953125,
        "time": 5.055906772613525
    },
    "memory_large": {
        "cpu": 5.737500000000001,
        "memory": 59.80859375,
        "time": 4.000226020812988
    },
    "disk_write": {
        "cpu": 53.15,
        "memory": 520.82421875,
        "time": 1.753732442855835
    },
    "disk_read": {
        "cpu": 57.1,
        "memory": 545.9140625,
        "time": 2.0863852500915527
    },
    "network_download": {
        "cpu": 43.37142857142857,
        "memory": 66.80078125,
        "time": 6.830876588821411
    },
    "process_spawn": {
        "cpu": 10.1,
        "memory": 0.0,
        "time": 0.1438446044921875
    }
}