{
    "idle": {
        "cpu": 6.36,
        "memory": 22.67578125,
        "time": 5.000079393386841
    },
    "cpu_stress": {
        "cpu": 92.45454545454545,
        "memory": 8.25,
        "time": 5.010975122451782
    },
    "cpu_multi": {
        "cpu": 91.82727272727273,
        "memory": 23.59765625,
        "time": 5.008559942245483
    },
    "memory_stress": {
        "cpu": 91.72727272727273,
        "memory": 1003.64453125,
        "time": 5.050190687179565
    },
    "memory_large": {
        "cpu": 3.7625,
        "memory": 13.546875,
        "time": 4.0003821849823
    },
    "disk_write": {
        "cpu": 61.375,
        "memory": 478.13671875,
        "time": 1.7808032035827637
    },
    "disk_read": {
        "cpu": 66.15,
        "memory": 455.28125,
        "time": 2.000440835952759
    },
    "network_download": {
        "cpu": 41.83636363636364,
        "memory": 68.6484375,
        "time": 5.286835670471191
    },
    "process_spawn": {
        "cpu": 18.2,
        "memory": 0.0,
        "time": 0.13760709762573242
    }
}