{
    "idle": {
        "cpu": 0.01,
        "memory": 1.99609375,
        "time": 5.000156402587891
    },
    "cpu_stress": {
        "cpu": 9.518181818181818,
        "memory": 9.01953125,
        "time": 5.025152206420898
    },
    "cpu_multi": {
        "cpu": 90.81818181818181,
        "memory": 79.91015625,
        "time": 5.015025854110718
    },
    "memory_stress": {
        "cpu": 9.42727272727273,
        "memory": 1021.41796875,
        "time": 5.023877143859863
    },
    "memory_large": {
        "cpu": 0.1625,
        "memory": 1.12109375,
        "time": 4.000629901885986
    },
    "disk_write": {
        "cpu": 4.475,
        "memory": 500.42578125,
        "time": 1.792295217514038
    },
    "disk_read": {
        "cpu": 4.633333333333333,
        "memory": 497.19140625,
        "time": 1.3642582893371582
    },
    "network_download": {
        "cpu": 4.428000000000001,
        "memory": 21.08203125,
        "time": 12.15096116065979
    },
    "process_spawn": {
        "cpu": 0.9,
        "memory": 0.0,
        "time": 0.12773370742797852
    }
}