{
    "idle": {
        "cpu": 0.06999999999999999,
        "memory": 2.10546875,
        "time": 5.000267505645752
    },
    "cpu_stress": {
        "cpu": 9.854545454545455,
        "memory": 6.34375,
        "time": 5.032093524932861
    },
    "cpu_multi": {
        "cpu": 90.95454545454545,
        "memory": 21.15234375,
        "time": 5.013199090957642
    },
    "memory_stress": {
        "cpu": 9.545454545454547,
        "memory": 1024.0859375,
        "time": 5.02989649772644
    },
    "memory_large": {
        "cpu": 0.21249999999999997,
        "memory": 2.03515625,
        "time": 3.9988553524017334
    },
    "disk_write": {
        "cpu": 4.625,
        "memory": 500.2109375,
        "time": 1.8189876079559326
    },
    "disk_read": {
        "cpu": 4.666666666666667,
        "memory": 489.0703125,
        "time": 1.3818776607513428
    },
    "network_download": {
        "cpu": 2.7681818181818185,
        "memory": 32.58203125,
        "time": 10.814004182815552
    },
    "process_spawn": {
        "cpu": 0.4,
        "memory": 0.0,
        "time": 0.1299276351928711
    }
}