{
    "idle": {
        "cpu": 0.02,
        "memory": 0.0,
        "time": 4.999065637588501
    },
    "cpu_stress": {
        "cpu": 9.418181818181818,
        "memory": 1.98828125,
        "time": 5.106587648391724
    },
    "cpu_multi": {
        "cpu": 90.82727272727273,
        "memory": 80.1953125,
        "time": 5.058726787567139
    },
    "memory_stress": {
        "cpu": 9.754545454545454,
        "memory": 903.203125,
        "time": 5.040093898773193
    },
    "memory_large": {
        "cpu": 0.15,
        "memory": 0.0,
        "time": 4.0006935596466064
    },
    "disk_write": {
        "cpu": 4.4799999999999995,
        "memory": 500.58203125,
        "time": 2.0113701820373535
    },
    "disk_read": {
        "cpu": 5.966666666666666,
        "memory": 476.47265625,
        "time": 1.4490602016448975
    },
    "network_download": {
        "cpu": 2.8375,
        "memory": 35.5,
        "time": 11.614869594573975
    },
    "process_spawn": {
        "cpu": 1.4,
        "memory": 0.0,
        "time": 0.159653902053833
    }
}