{
    "idle": {
        "cpu": 0.11000000000000001,
        "memory": 0.0,
        "time": 5.000127792358398
    },
    "cpu_stress": {
        "cpu": 9.481818181818182,
        "memory": 7.89453125,
        "time": 5.043926000595093
    },
    "cpu_multi": {
        "cpu": 90.71818181818182,
        "memory": 87.62890625,
        "time": 5.01296591758728
    },
    "memory_stress": {
        "cpu": 9.518181818181818,
        "memory": 993.87890625,
        "time": 5.027475118637085
    },
    "memory_large": {
        "cpu": 0.21250000000000002,
        "memory": 0.85546875,
        "time": 4.000445127487183
    },
    "disk_write": {
        "cpu": 4.16,
        "memory": 502.5234375,
        "time": 2.0059688091278076
    },
    "disk_read": {
        "cpu": 4.4,
        "memory": 499.87890625,
        "time": 2.045330286026001
    },
    "network_download": {
        "cpu": 1.8551724137931034,
        "memory": 139.6171875,
        "time": 14.069178342819214
    },
    "process_spawn": {
        "cpu": 0.8,
        "memory": 0.0,
        "time": 0.128157377243042
    }
}