{
    "idle": {
        "cpu": 0.33000000000000007,
        "memory": 1.98046875,
        "time": 5.0001466274261475
    },
    "cpu_stress": {
        "cpu": 9.590909090909092,
        "memory": 6.7890625,
        "time": 5.02773118019104
    },
    "cpu_multi": {
        "cpu": 90.93636363636364,
        "memory": 81.81640625,
        "time": 5.016523599624634
    },
    "memory_stress": {
        "cpu": 9.772727272727273,
        "memory": 1023.46875,
        "time": 5.291279315948486
    },
    "memory_large": {
        "cpu": 0.1375,
        "memory": 1.90234375,
        "time": 4.000420808792114
    },
    "disk_write": {
        "cpu": 4.425,
        "memory": 500.97265625,
        "time": 1.7477741241455078
    },
    "disk_read": {
        "cpu": 5.033333333333333,
        "memory": 453.37109375,
        "time": 1.4768307209014893
    },
    "network_download": {
        "cpu": 2.3636363636363638,
        "memory": 20.02734375,
        "time": 10.882133960723877
    },
    "process_spawn": {
        "cpu": 0.6,
        "memory": 0.0,
        "time": 0.13747096061706543
    }
}