{
    "idle": {
        "cpu": 0.05,
        "memory": 1.99609375,
        "time": 5.000327825546265
    },
    "cpu_stress": {
        "cpu": 9.818181818181818,
        "memory": 9.1640625,
        "time": 5.038908004760742
    },
    "cpu_multi": {
        "cpu": 90.83636363636363,
        "memory": 79.875,
        "time": 5.014985799789429
    },
    "memory_stress": {
        "cpu": 9.545454545454545,
        "memory": 1029.44140625,
        "time": 5.02597451210022
    },
    "memory_large": {
        "cpu": 0.125,
        "memory": 1.98046875,
        "time": 4.00048303604126
    },
    "disk_write": {
        "cpu": 4.8500000000000005,
        "memory": 500.59765625,
        "time": 1.814283847808838
    },
    "disk_read": {
        "cpu": 4.533333333333333,
        "memory": 496.63671875,
        "time": 1.3534982204437256
    },
    "network_download": {
        "cpu": 2.7500000000000004,
        "memory": 15.40234375,
        "time": 10.87924861907959
    },
    "process_spawn": {
        "cpu": 1.3,
        "memory": 0.0,
        "time": 0.1285691261291504
    }
}