{
    "idle": {
        "cpu": 0.18,
        "memory": 0.34375,
        "time": 5.000157117843628
    },
    "cpu_stress": {
        "cpu": 9.363636363636363,
        "memory": 14.7109375,
        "time": 5.053670644760132
    },
    "cpu_multi": {
        "cpu": 90.94545454545455,
        "memory": 84.19921875,
        "time": 5.024208068847656
    },
    "memory_stress": {
        "cpu": 9.318181818181818,
        "memory": 1023.21484375,
        "time": 5.0286195278167725
    },
    "memory_large": {
        "cpu": 0.2,
        "memory": 0.13671875,
        "time": 4.000412702560425
    },
    "disk_write": {
        "cpu": 4.75,
        "memory": 500.8671875,
        "time": 1.9035677909851074
    },
    "disk_read": {
        "cpu": 5.15,
        "memory": 501.171875,
        "time": 1.6822705268859863
    },
    "network_download": {
        "cpu": 5.4739130434782615,
        "memory": 141.68359375,
        "time": 11.138400316238403
    },
    "process_spawn": {
        "cpu": 0.9,
        "memory": 0.0,
        "time": 0.14142298698425293
    }
}