{
    "idle": {
        "cpu": 0.08,
        "memory": 1.80859375,
        "time": 4.998346567153931
    },
    "cpu_stress": {
        "cpu": 9.309090909090909,
        "memory": 9.046875,
        "time": 5.036912441253662
    },
    "cpu_multi": {
        "cpu": 90.77272727272727,
        "memory": 84.92578125,
        "time": 5.019768953323364
    },
    "memory_stress": {
        "cpu": 9.227272727272728,
        "memory": 1023.0859375,
        "time": 5.027918100357056
    },
    "memory_large": {
        "cpu": 0.175,
        "memory": 1.98046875,
        "time": 4.000326156616211
    },
    "disk_write": {
        "cpu": 4.875,
        "memory": 500.171875,
        "time": 1.7160909175872803
    },
    "disk_read": {
        "cpu": 4.6,
        "memory": 500.828125,
        "time": 1.7639317512512207
    },
    "network_download": {
        "cpu": 4.468,
        "memory": 17.05078125,
        "time": 12.106772899627686
    },
    "process_spawn": {
        "cpu": 0.8,
        "memory": 0.0,
        "time": 0.1332230567932129
    }
}