{
    "idle": {
        "cpu": 0.12,
        "memory": 0.09375,
        "time": 5.000086069107056
    },
    "cpu_stress": {
        "cpu": 9.236363636363636,
        "memory": 1.85546875,
        "time": 5.024462699890137
    },
    "cpu_multi": {
        "cpu": 90.81818181818181,
        "memory": 95.6328125,
        "time": 5.013943433761597
    },
    "memory_stress": {
        "cpu": 10.172727272727274,
        "memory": 1024.76171875,
        "time": 5.304155111312866
    },
    "memory_large": {
        "cpu": 0.1625,
        "memory": 0.34765625,
        "time": 4.000433683395386
    },
    "disk_write": {
        "cpu": 4.175,
        "memory": 499.8984375,
        "time": 1.655834674835205
    },
    "disk_read": {
        "cpu": 4.466666666666667,
        "memory": 497.28515625,
        "time": 1.3405983448028564
    },
    "network_download": {
        "cpu": 2.4863636363636363,
        "memory": 16.5078125,
        "time": 10.842834234237671
    },
    "process_spawn": {
        "cpu": 0.7,
        "memory": 0.0,
        "time": 0.12761259078979492
    }
}