{
    "idle": {
        "cpu": 0.05,
        "memory": 1.99609375,
        "time": 4.998477935791016
    },
    "cpu_stress": {
        "cpu": 9.418181818181818,
        "memory": 10.28125,
        "time": 5.033861875534058
    },
    "cpu_multi": {
        "cpu": 90.82727272727273,
        "memory": 82.5625,
        "time": 5.024402141571045
    },
    "memory_stress": {
        "cpu": 9.49090909090909,
        "memory": 1027.1484375,
        "time": 5.026585578918457
    },
    "memory_large": {
        "cpu": 0.125,
        "memory": 1.98046875,
        "time": 4.000324249267578
    },
    "disk_write": {
        "cpu": 4.425,
        "memory": 500.046875,
        "time": 1.6768794059753418
    },
    "disk_read": {
        "cpu": 4.4750000000000005,
        "memory": 500.921875,
        "time": 1.708068609237671
    },
    "network_download": {
        "cpu": 5.268181818181818,
        "memory": 18.82421875,
        "time": 10.909407615661621
    },
    "process_spawn": {
        "cpu": 1.2,
        "memory": 0.0,
        "time": 0.12820887565612793
    }
}