{
    "idle": {
        "cpu": 0.0,
        "memory": 2.12890625,
        "time": 5.00016450881958
    },
    "cpu_stress": {
        "cpu": 9.272727272727273,
        "memory": 7.92578125,
        "time": 5.027151823043823
    },
    "cpu_multi": {
        "cpu": 90.80909090909091,
        "memory": 79.67578125,
        "time": 5.011821031570435
    },
    "memory_stress": {
        "cpu": 9.736363636363636,
        "memory": 1027.44921875,
        "time": 5.264608144760132
    },
    "memory_large": {
        "cpu": 0.1625,
        "memory": 0.9296875,
        "time": 4.000409841537476
    },
    "disk_write": {
        "cpu": 4.4,
        "memory": 372.12890625,
        "time": 1.7148914337158203
    },
    "disk_read": {
        "cpu": 4.35,
        "memory": 500.32421875,
        "time": 1.7148163318634033
    },
    "network_download": {
        "cpu": 4.743478260869566,
        "memory": 17.10546875,
        "time": 11.022501230239868
    },
    "process_spawn": {
        "cpu": 1.2,
        "memory": 0.0,
        "time": 0.12714409828186035
    }
}