{
    "idle": {
        "cpu": 0.05,
        "memory": 2.10546875,
        "time": 5.000145196914673
    },
    "cpu_stress": {
        "cpu": 9.254545454545454,
        "memory": 9.83203125,
        "time": 5.040175676345825
    },
    "cpu_multi": {
        "cpu": 90.71818181818182,
        "memory": 82.1328125,
        "time": 5.01388955116272
    },
    "memory_stress": {
        "cpu": 9.345454545454546,
        "memory": 1024.97265625,
        "time": 5.027885437011719
    },
    "memory_large": {
        "cpu": 0.175,
        "memory": 1.421875,
        "time": 3.999009132385254
    },
    "disk_write": {
        "cpu": 4.55,
        "memory": 500.68359375,
        "time": 1.800133228302002
    },
    "disk_read": {
        "cpu": 4.55,
        "memory": 500.68359375,
        "time": 1.7164297103881836
    },
    "network_download": {
        "cpu": 5.759090909090909,
        "memory": 20.46875,
        "time": 10.878511428833008
    },
    "process_spawn": {
        "cpu": 1.1,
        "memory": 0.0,
        "time": 0.1314067840576172
    }
}