{
    "idle": {
        "cpu": 0.41,
        "memory": 0.359375,
        "time": 5.000117301940918
    },
    "cpu_stress": {
        "cpu": 9.245454545454544,
        "memory": 6.484375,
        "time": 5.0242462158203125
    },
    "cpu_multi": {
        "cpu": 90.95454545454545,
        "memory": 76.74609375,
        "time": 5.017038345336914
    },
    "memory_stress": {
        "cpu": 9.39090909090909,
        "memory": 1029.37109375,
        "time": 5.087056636810303
    },
    "memory_large": {
        "cpu": 0.125,
        "memory": 0.0,
        "time": 4.0004072189331055
    },
    "disk_write": {
        "cpu": 4.15,
        "memory": 500.10546875,
        "time": 1.6464362144470215
    },
    "disk_read": {
        "cpu": 4.466666666666666,
        "memory": 501.44140625,
        "time": 1.3213977813720703
    },
    "network_download": {
        "cpu": 2.586363636363636,
        "memory": 16.80078125,
        "time": 10.810965538024902
    },
    "process_spawn": {
        "cpu": 1.2,
        "memory": 0.0,
        "time": 0.1329045295715332
    }
}