{
    "idle": {
        "cpu": 0.09,
        "memory": 1.98046875,
        "time": 4.998876571655273
    },
    "cpu_stress": {
        "cpu": 9.754545454545452,
        "memory": 9.41796875,
        "time": 5.0300586223602295
    },
    "cpu_multi": {
        "cpu": 90.84545454545454,
        "memory": 78.6875,
        "time": 5.110360622406006
    },
    "memory_stress": {
        "cpu": 9.781818181818181,
        "memory": 1024.04296875,
        "time": 5.0278449058532715
    },
    "memory_large": {
        "cpu": 0.1625,
        "memory": 0.0546875,
        "time": 4.00028920173645
    },
    "disk_write": {
        "cpu": 4.4,
        "memory": 500.3515625,
        "time": 1.685971736907959
    },
    "disk_read": {
        "cpu": 4.7,
        "memory": 500.6875,
        "time": 1.841259241104126
    },
    "network_download": {
        "cpu": 5.663636363636363,
        "memory": 15.046875,
        "time": 10.98171615600586
    },
    "process_spawn": {
        "cpu": 1.1,
        "memory": 0.0,
        "time": 0.1307544708251953
    }
}