{
    "idle": {
        "cpu": 0.06999999999999999,
        "memory": 1.98828125,
        "time": 5.000135660171509
    },
    "cpu_stress": {
        "cpu": 9.536363636363635,
        "memory": 9.05859375,
        "time": 5.024831056594849
    },
    "cpu_multi": {
        "cpu": 90.79090909090908,
        "memory": 75.38671875,
        "time": 5.019031524658203
    },
    "memory_stress": {
        "cpu": 9.290909090909091,
        "memory": 1022.69921875,
        "time": 5.02966046333313
    },
    "memory_large": {
        "cpu": 0.16249999999999998,
        "memory": 0.0,
        "time": 4.0004472732543945
    },
    "disk_write": {
        "cpu": 4.625,
        "memory": 500.55078125,
        "time": 1.8414013385772705
    },
    "disk_read": {
        "cpu": 4.833333333333333,
        "memory": 469.2265625,
        "time": 1.4501779079437256
    },
    "network_download": {
        "cpu": 2.6318181818181814,
        "memory": 22.21875,
        "time": 10.940629243850708
    },
    "process_spawn": {
        "cpu": 1.2,
        "memory": 0.0,
        "time": 0.12738347053527832
    }
}