{
    "idle": {
        "cpu": 0.04,
        "memory": 1.98046875,
        "time": 4.999250888824463
    },
    "cpu_stress": {
        "cpu": 9.209090909090909,
        "memory": 9.2109375,
        "time": 5.025972366333008
    },
    "cpu_multi": {
        "cpu": 90.77272727272727,
        "memory": 77.15625,
        "time": 5.013078451156616
    },
    "memory_stress": {
        "cpu": 9.718181818181819,
        "memory": 1024.75390625,
        "time": 5.213840961456299
    },
    "memory_large": {
        "cpu": 0.125,
        "memory": 0.0,
        "time": 4.00044059753418
    },
    "disk_write": {
        "cpu": 4.475,
        "memory": 500.4609375,
        "time": 1.7293639183044434
    },
    "disk_read": {
        "cpu": 4.65,
        "memory": 469.31640625,
        "time": 1.8357818126678467
    },
    "network_download": {
        "cpu": 2.390909090909091,
        "memory": 21.7109375,
        "time": 10.95570993423462
    },
    "process_spawn": {
        "cpu": 1.4,
        "memory": 0.0,
        "time": 0.12484622001647949
    }
}