{
    "idle": {
        "cpu": 0.01,
        "memory": 2.08203125,
        "time": 5.000150680541992
    },
    "cpu_stress": {
        "cpu": 9.209090909090909,
        "memory": 12.19921875,
        "time": 5.025658369064331
    },
    "cpu_multi": {
        "cpu": 90.83636363636364,
        "memory": 83.203125,
        "time": 5.0153539180755615
    },
    "memory_stress": {
        "cpu": 9.254545454545454,
        "memory": 1023.109375,
        "time": 5.027148008346558
    },
    "memory_large": {
        "cpu": 0.1,
        "memory": 1.98046875,
        "time": 4.000409364700317
    },
    "disk_write": {
        "cpu": 4.325,
        "memory": 500.14453125,
        "time": 1.7304506301879883
    },
    "disk_read": {
        "cpu": 4.333333333333333,
        "memory": 501.3046875,
        "time": 1.300391435623169
    },
    "network_download": {
        "cpu": 2.2227272727272727,
        "memory": 17.59765625,
        "time": 10.892831802368164
    },
    "process_spawn": {
        "cpu": 0.8,
        "memory": 0.0,
        "time": 0.12935495376586914
    }
}