{
    "idle": {
        "cpu": 0.04,
        "memory": 1.82421875,
        "time": 5.000239610671997
    },
    "cpu_stress": {
        "cpu": 9.227272727272727,
        "memory": 9.28125,
        "time": 5.0299460887908936
    },
    "cpu_multi": {
        "cpu": 90.85454545454546,
        "memory": 81.34375,
        "time": 5.018111705780029
    },
    "memory_stress": {
        "cpu": 9.141666666666666,
        "memory": 1028.41015625,
        "time": 5.588738203048706
    },
    "memory_large": {
        "cpu": 0.175,
        "memory": 128.0,
        "time": 4.00047755241394
    },
    "disk_write": {
        "cpu": 4.1,
        "memory": 500.03125,
        "time": 1.592973232269287
    },
    "disk_read": {
        "cpu": 4.35,
        "memory": 500.2109375,
        "time": 1.644993543624878
    },
    "network_download": {
        "cpu": 4.968181818181818,
        "memory": 19.4765625,
        "time": 10.866793394088745
    },
    "process_spawn": {
        "cpu": 0.8,
        "memory": 0.0,
        "time": 0.12927699089050293
    }
}