{
    "idle": {
        "cpu": 0.11000000000000001,
        "memory": 0.125,
        "time": 5.000149488449097
    },
    "cpu_stress": {
        "cpu": 10.045454545454545,
        "memory": 8.4140625,
        "time": 5.039227485656738
    },
    "cpu_multi": {
        "cpu": 90.9090909090909,
        "memory": 77.6875,
        "time": 5.1110522747039795
    },
    "memory_stress": {
        "cpu": 9.345454545454546,
        "memory": 1023.98828125,
        "time": 5.027348041534424
    },
    "memory_large": {
        "cpu": 0.1875,
        "memory": 0.0,
        "time": 4.000375986099243
    },
    "disk_write": {
        "cpu": 4.35,
        "memory": 500.42578125,
        "time": 1.6980979442596436
    },
    "disk_read": {
        "cpu": 4.5,
        "memory": 500.80078125,
        "time": 1.715846061706543
    },
    "network_download": {
        "cpu": 2.9909090909090907,
        "memory": 20.515625,
        "time": 10.881650447845459
    },
    "process_spawn": {
        "cpu": 1.1,
        "memory": 0.0,
        "time": 0.13481903076171875
    }
}