{
    "idle": {
        "cpu": 0.07,
        "memory": 1.98046875,
        "time": 5.000171899795532
    },
    "cpu_stress": {
        "cpu": 9.309090909090909,
        "memory": 7.81640625,
        "time": 5.026673316955566
    },
    "cpu_multi": {
        "cpu": 90.60909090909091,
        "memory": 78.828125,
        "time": 5.0218799114227295
    },
    "memory_stress": {
        "cpu": 9.209090909090909,
        "memory": 1024.7265625,
        "time": 5.028071880340576
    },
    "memory_large": {
        "cpu": 0.15,
        "memory": 1.98046875,
        "time": 4.000380039215088
    },
    "disk_write": {
        "cpu": 4.525,
        "memory": 500.12109375,
        "time": 1.773188591003418
    },
    "disk_read": {
        "cpu": 4.775,
        "memory": 452.5859375,
        "time": 1.906813621520996
    },
    "network_download": {
        "cpu": 2.963636363636363,
        "memory": 20.33203125,
        "time": 10.89985179901123
    },
    "process_spawn": {
        "cpu": 0.9,
        "memory": 0.0,
        "time": 0.12385201454162598
    }
}