{
    "idle": {
        "cpu": 3.0,
        "memory": 4.5,
        "time": 5.004646301269531
    },
    "cpu_stress": {
        "cpu": 23.1,
        "memory": 3.1484375,
        "time": 5.251495122909546
    },
    "cpu_multi": {
        "cpu": 100.0,
        "memory": 4.56640625,
        "time": 6.028225660324097
    },
    "memory_stress": {
        "cpu": 100.0,
        "memory": 1018.6796875,
        "time": 5.064220905303955
    },
    "memory_large": {
        "cpu": 8.1,
        "memory": 120.92578125,
        "time": 4.0056023597717285
    },
    "disk_write": {
        "cpu": 2.4,
        "memory": 409.35546875,
        "time": 0.959327220916748
    },
    "disk_read": {
        "cpu": 4.6,
        "memory": 512.109375,
        "time": 1.1500928401947021
    },
    "network_download": {
        "cpu": 8.6,
        "memory": 15.25390625,
        "time": 0.11445879936218262
    },
    "process_spawn": {
        "cpu": 89.7,
        "memory": 8.5546875,
        "time": 0.2813262939453125
    }
}