{
    "idle": {
        "cpu": 2.6,
        "memory": 4.76953125,
        "time": 5.002836465835571
    },
    "cpu_stress": {
        "cpu": 22.6,
        "memory": 3.39453125,
        "time": 5.1180408000946045
    },
    "cpu_multi": {
        "cpu": 100.0,
        "memory": 14.6953125,
        "time": 5.9373602867126465
    },
    "memory_stress": {
        "cpu": 100.0,
        "memory": 1147.80859375,
        "time": 5.939970016479492
    },
    "memory_large": {
        "cpu": 17.9,
        "memory": 76.90234375,
        "time": 4.009357452392578
    },
    "disk_write": {
        "cpu": 24.2,
        "memory": 510.98828125,
        "time": 1.0350682735443115
    },
    "disk_read": {
        "cpu": 23.7,
        "memory": 500.4921875,
        "time": 1.2666573524475098
    },
    "network_download": {
        "cpu": 40.6,
        "memory": 61.8515625,
        "time": 13.110630989074707
    },
    "process_spawn": {
        "cpu": 85.3,
        "memory": 12.25,
        "time": 0.299457311630249
    }
}