{
    "idle": {
        "cpu": 28.1,
        "memory": 11.30859375,
        "time": 5.003184080123901
    },
    "cpu_stress": {
        "cpu": 5.1,
        "memory": 5.1171875,
        "time": 5.467979192733765
    },
    "cpu_multi": {
        "cpu": 100.0,
        "memory": 4.765625,
        "time": 5.0424699783325195
    },
    "memory_stress": {
        "cpu": 100.0,
        "memory": 1133.7734375,
        "time": 5.78972864151001
    },
    "memory_large": {
        "cpu": 12.5,
        "memory": 111.98828125,
        "time": 4.011409521102905
    },
    "disk_write": {
        "cpu": 1.7,
        "memory": 435.26171875,
        "time": 1.0903568267822266
    },
    "disk_read": {
        "cpu": 6.3,
        "memory": 495.84375,
        "time": 1.2232911586761475
    },
    "network_download": {
        "cpu": 46.9,
        "memory": 145.76953125,
        "time": 12.2978835105896
    },
    "process_spawn": {
        "cpu": 86.5,
        "memory": 13.015625,
        "time": 0.2974283695220947
    }
}