{
    "idle": {
        "cpu": 3.4,
        "memory": 0.02734375,
        "time": 5.006915807723999
    },
    "cpu_stress": {
        "cpu": 27.8,
        "memory": 3.359375,
        "time": 5.033974885940552
    },
    "cpu_multi": {
        "cpu": 100.0,
        "memory": 4.60546875,
        "time": 5.46699595451355
    },
    "memory_stress": {
        "cpu": 100.0,
        "memory": 1155.01171875,
        "time": 5.886976957321167
    },
    "memory_large": {
        "cpu": 16.7,
        "memory": 91.8046875,
        "time": 4.001484155654907
    },
    "disk_write": {
        "cpu": 13.2,
        "memory": 406.98828125,
        "time": 1.0415453910827637
    },
    "disk_read": {
        "cpu": 35.7,
        "memory": 480.32421875,
        "time": 1.2082879543304443
    },
    "network_download": {
        "cpu": 50.0,
        "memory": 147.09765625,
        "time": 14.851940631866455
    },
    "process_spawn": {
        "cpu": 86.1,
        "memory": 14.54296875,
        "time": 0.2901012897491455
    }
}