{
    "idle": {
        "cpu": 8.8,
        "memory": 0.0625,
        "time": 5.001448154449463
    },
    "cpu_stress": {
        "cpu": 9.3,
        "memory": 3.1796875,
        "time": 5.817013263702393
    },
    "cpu_multi": {
        "cpu": 100.0,
        "memory": 6.57421875,
        "time": 5.905229806900024
    },
    "memory_stress": {
        "cpu": 100.0,
        "memory": 1149.25,
        "time": 5.911480665206909
    },
    "memory_large": {
        "cpu": 5.7,
        "memory": 125.05078125,
        "time": 4.002674102783203
    },
    "disk_write": {
        "cpu": 2.3,
        "memory": 0.0,
        "time": 1.0104498863220215
    },
    "disk_read": {
        "cpu": 1.8,
        "memory": 515.08984375,
        "time": 1.3024213314056396
    },
    "network_download": {
        "cpu": 58.6,
        "memory": 138.2890625,
        "time": 12.489121913909912
    },
    "process_spawn": {
        "cpu": 87.2,
        "memory": 13.4609375,
        "time": 0.2809755802154541
    }
}