{
    "idle": {
        "cpu": 21.6,
        "memory": 0.0859375,
        "time": 5.0012147426605225
    },
    "cpu_stress": {
        "cpu": 34.3,
        "memory": 9.98046875,
        "time": 5.034950256347656
    },
    "cpu_multi": {
        "cpu": 13.2,
        "memory": 11.84375,
        "time": 11.309268474578857
    },
    "memory_stress": {
        "cpu": 100.0,
        "memory": 1119.10546875,
        "time": 5.926287651062012
    },
    "memory_large": {
        "cpu": 9.7,
        "memory": 86.91015625,
        "time": 4.007315158843994
    },
    "disk_write": {
        "cpu": 17.1,
        "memory": 535.04296875,
        "time": 1.376945972442627
    },
    "disk_read": {
        "cpu": 18.2,
        "memory": 430.95703125,
        "time": 1.2358174324035645
    },
    "network_download": {
        "cpu": 8.8,
        "memory": 0.73828125,
        "time": 0.13499760627746582
    },
    "process_spawn": {
        "cpu": 86.5,
        "memory": 17.390625,
        "time": 0.29758405685424805
    }
}