{
    "idle": {
        "cpu": 17.6,
        "memory": 6.38671875,
        "time": 5.0034339427948
    },
    "cpu_stress": {
        "cpu": 15.0,
        "memory": 3.19140625,
        "time": 5.03670859336853
    },
    "cpu_multi": {
        "cpu": 100.0,
        "memory": 11.58984375,
        "time": 7.642577886581421
    },
    "memory_stress": {
        "cpu": 100.0,
        "memory": 1137.30078125,
        "time": 5.8968775272369385
    },
    "memory_large": {
        "cpu": 8.6,
        "memory": 105.73828125,
        "time": 4.003782033920288
    },
    "disk_write": {
        "cpu": 27.0,
        "memory": 419.75390625,
        "time": 1.038670539855957
    },
    "disk_read": {
        "cpu": 20.6,
        "memory": 501.83203125,
        "time": 1.2366142272949219
    },
    "network_download": {
        "cpu": 45.2,
        "memory": 66.234375,
        "time": 12.33445429801941
    },
    "process_spawn": {
        "cpu": 83.8,
        "memory": 8.5703125,
        "time": 0.29598093032836914
    }
}