{
    "idle": {
        "cpu": 14.3,
        "memory": 6.80859375,
        "time": 5.002615451812744
    },
    "cpu_stress": {
        "cpu": 18.4,
        "memory": 3.640625,
        "time": 5.032314300537109
    },
    "cpu_multi": {
        "cpu": 100.0,
        "memory": 8.59765625,
        "time": 5.041602373123169
    },
    "memory_stress": {
        "cpu": 100.0,
        "memory": 1009.8828125,
        "time": 5.063200950622559
    },
    "memory_large": {
        "cpu": 20.0,
        "memory": 112.55859375,
        "time": 4.0275726318359375
    },
    "disk_write": {
        "cpu": 21.6,
        "memory": 430.3984375,
        "time": 1.0576388835906982
    },
    "disk_read": {
        "cpu": 18.9,
        "memory": 471.76953125,
        "time": 1.2398223876953125
    },
    "network_download": {
        "cpu": 60.9,
        "memory": 45.79296875,
        "time": 11.01779818534851
    },
    "process_spawn": {
        "cpu": 86.8,
        "memory": 11.54296875,
        "time": 0.3125157356262207
    }
}