{
    "idle": {
        "cpu": 9.4,
        "memory": 14.8828125,
        "time": 5.000293731689453
    },
    "cpu_stress": {
        "cpu": 4.8,
        "memory": 3.3828125,
        "time": 14.697694301605225
    },
    "cpu_multi": {
        "cpu": 100.0,
        "memory": 13.23828125,
        "time": 5.898139953613281
    },
    "memory_stress": {
        "cpu": 100.0,
        "memory": 1047.40234375,
        "time": 5.0878612995147705
    },
    "memory_large": {
        "cpu": 38.5,
        "memory": 92.4453125,
        "time": 4.003372669219971
    },
    "disk_write": {
        "cpu": 13.6,
        "memory": 510.8203125,
        "time": 1.0493154525756836
    },
    "disk_read": {
        "cpu": 16.2,
        "memory": 514.96484375,
        "time": 1.1897811889648438
    },
    "network_download": {
        "cpu": 54.8,
        "memory": 66.70703125,
        "time": 11.058830261230469
    },
    "process_spawn": {
        "cpu": 86.5,
        "memory": 12.80078125,
        "time": 0.3022463321685791
    }
}