{
    "idle": {
        "cpu": 100.0,
        "memory": 0.10546875,
        "time": 5.000959873199463
    },
    "cpu_stress": {
        "cpu": 28.6,
        "memory": 3.19140625,
        "time": 5.848708868026733
    },
    "cpu_multi": {
        "cpu": 100.0,
        "memory": 13.9296875,
        "time": 6.647876501083374
    },
    "memory_stress": {
        "cpu": 100.0,
        "memory": 1159.37890625,
        "time": 5.898593425750732
    },
    "memory_large": {
        "cpu": 8.3,
        "memory": 91.9921875,
        "time": 4.002985954284668
    },
    "disk_write": {
        "cpu": 8.4,
        "memory": 449.66015625,
        "time": 0.9921989440917969
    },
    "disk_read": {
        "cpu": 20.6,
        "memory": 522.48828125,
        "time": 1.2033255100250244
    },
    "network_download": {
        "cpu": 43.8,
        "memory": 93.828125,
        "time": 12.395017623901367
    },
    "process_spawn": {
        "cpu": 83.8,
        "memory": 10.4296875,
        "time": 0.2934455871582031
    }
}