{
    "idle": {
        "cpu": 3.2,
        "memory": 0.15625,
        "time": 5.00356388092041
    },
    "cpu_stress": {
        "cpu": 17.5,
        "memory": 4.71875,
        "time": 5.040430545806885
    },
    "cpu_multi": {
        "cpu": 100.0,
        "memory": 3.3515625,
        "time": 5.560302734375
    },
    "memory_stress": {
        "cpu": 100.0,
        "memory": 1159.4765625,
        "time": 5.9287683963775635
    },
    "memory_large": {
        "cpu": 11.8,
        "memory": 106.3359375,
        "time": 4.011379957199097
    },
    "disk_write": {
        "cpu": 0.0,
        "memory": 0.0,
        "time": 1.02093505859375
    },
    "disk_read": {
        "cpu": 4.8,
        "memory": 517.1796875,
        "time": 1.1878478527069092
    },
    "network_download": {
        "cpu": 65.4,
        "memory": 42.98828125,
        "time": 10.943950176239014
    },
    "process_spawn": {
        "cpu": 82.9,
        "memory": 9.28515625,
        "time": 0.3291187286376953
    }
}