{
    "idle": {
        "cpu": 9.4,
        "memory": 0.4453125,
        "time": 5.000647783279419
    },
    "cpu_stress": {
        "cpu": 21.2,
        "memory": 4.7265625,
        "time": 5.681180477142334
    },
    "cpu_multi": {
        "cpu": 4.9,
        "memory": 4.75390625,
        "time": 10.899924278259277
    },
    "memory_stress": {
        "cpu": 100.0,
        "memory": 1143.015625,
        "time": 5.858768939971924
    },
    "memory_large": {
        "cpu": 10.0,
        "memory": 135.1171875,
        "time": 4.011181116104126
    },
    "disk_write": {
        "cpu": 9.5,
        "memory": 467.3515625,
        "time": 1.0121920108795166
    },
    "disk_read": {
        "cpu": 24.3,
        "memory": 513.10546875,
        "time": 1.2049314975738525
    },
    "network_download": {
        "cpu": 42.4,
        "memory": 98.55078125,
        "time": 11.993887424468994
    },
    "process_spawn": {
        "cpu": 83.3,
        "memory": 14.86328125,
        "time": 0.28513383865356445
    }
}