{
    "idle": {
        "cpu": 3.2,
        "memory": 6.12890625,
        "time": 5.001338005065918
    },
    "cpu_stress": {
        "cpu": 17.0,
        "memory": 1.1796875,
        "time": 5.057707786560059
    },
    "cpu_multi": {
        "cpu": 100.0,
        "memory": 3.8046875,
        "time": 5.741716623306274
    },
    "memory_stress": {
        "cpu": 100.0,
        "memory": 1040.8828125,
        "time": 5.0754406452178955
    },
    "memory_large": {
        "cpu": 21.7,
        "memory": 109.6171875,
        "time": 4.009741544723511
    },
    "disk_write": {
        "cpu": 12.1,
        "memory": 509.5078125,
        "time": 0.9857895374298096
    },
    "disk_read": {
        "cpu": 17.6,
        "memory": 468.234375,
        "time": 1.2092084884643555
    },
    "network_download": {
        "cpu": 53.8,
        "memory": 56.2890625,
        "time": 10.832521677017212
    },
    "process_spawn": {
        "cpu": 84.6,
        "memory": 13.98828125,
        "time": 0.2859656810760498
    }
}