{
    "idle": {
        "cpu": 15.2,
        "memory": 0.046875,
        "time": 5.001282691955566
    },
    "cpu_stress": {
        "cpu": 17.1,
        "memory": 4.7265625,
        "time": 5.035211801528931
    },
    "cpu_multi": {
        "cpu": 100.0,
        "memory": 4.90625,
        "time": 5.035773038864136
    },
    "memory_stress": {
        "cpu": 100.0,
        "memory": 1009.38671875,
        "time": 5.286988735198975
    },
    "memory_large": {
        "cpu": 14.7,
        "memory": 77.6640625,
        "time": 4.005293130874634
    },
    "disk_write": {
        "cpu": 2.4,
        "memory": 0.0,
        "time": 0.9439384937286377
    },
    "disk_read": {
        "cpu": 2.4,
        "memory": 0.0,
        "time": 1.140164852142334
    },
    "network_download": {
        "cpu": 44.1,
        "memory": 123.4296875,
        "time": 12.711185693740845
    },
    "process_spawn": {
        "cpu": 75.0,
        "memory": 12.75390625,
        "time": 0.26452088356018066
    }
}