{
    "idle": {
        "cpu": 3.3,
        "memory": 7.5390625,
        "time": 5.000255346298218
    },
    "cpu_stress": {
        "cpu": 17.1,
        "memory": 5.85546875,
        "time": 25.58692216873169
    },
    "cpu_multi": {
        "cpu": 100.0,
        "memory": 12.97265625,
        "time": 5.907397270202637
    },
    "memory_stress": {
        "cpu": 100.0,
        "memory": 1131.890625,
        "time": 5.867931127548218
    },
    "memory_large": {
        "cpu": 20.5,
        "memory": 77.703125,
        "time": 4.025627851486206
    },
    "disk_write": {
        "cpu": 0.9,
        "memory": 483.99609375,
        "time": 1.0165057182312012
    },
    "disk_read": {
        "cpu": 2.9,
        "memory": 521.20703125,
        "time": 1.1599030494689941
    },
    "network_download": {
        "cpu": 44.1,
        "memory": 168.91796875,
        "time": 12.952054262161255
    },
    "process_spawn": {
        "cpu": 86.1,
        "memory": 11.3359375,
        "time": 0.285048246383667
    }
}