{
    "idle": {
        "cpu": 17.1,
        "memory": 0.09375,
        "time": 5.001106023788452
    },
    "cpu_stress": {
        "cpu": 24.0,
        "memory": 4.7109375,
        "time": 5.043795824050903
    },
    "cpu_multi": {
        "cpu": 100.0,
        "memory": 6.67578125,
        "time": 5.507177829742432
    },
    "memory_stress": {
        "cpu": 100.0,
        "memory": 1108.125,
        "time": 5.093361139297485
    },
    "memory_large": {
        "cpu": 22.7,
        "memory": 83.015625,
        "time": 4.001136064529419
    },
    "disk_write": {
        "cpu": 10.8,
        "memory": 433.1015625,
        "time": 1.0163702964782715
    },
    "disk_read": {
        "cpu": 21.2,
        "memory": 533.80078125,
        "time": 1.189462661743164
    },
    "network_download": {
        "cpu": 51.9,
        "memory": 109.69140625,
        "time": 10.915067672729492
    },
    "process_spawn": {
        "cpu": 83.3,
        "memory": 14.15234375,
        "time": 0.2861328125
    }
}