{
    "idle": {
        "cpu": 11.4,
        "memory": 10.65625,
        "time": 5.000930309295654
    },
    "cpu_stress": {
        "cpu": 0.4,
        "memory": 5.85546875,
        "time": 5.078608989715576
    },
    "cpu_multi": {
        "cpu": 100.0,
        "memory": 5.2734375,
        "time": 5.044004917144775
    },
    "memory_stress": {
        "cpu": 100.0,
        "memory": 1034.0,
        "time": 5.062772989273071
    },
    "memory_large": {
        "cpu": 11.1,
        "memory": 93.09765625,
        "time": 4.005666971206665
    },
    "disk_write": {
        "cpu": 13.7,
        "memory": 507.1015625,
        "time": 0.9967801570892334
    },
    "disk_read": {
        "cpu": 14.7,
        "memory": 510.6328125,
        "time": 1.2212932109832764
    },
    "network_download": {
        "cpu": 55.2,
        "memory": 52.64453125,
        "time": 10.958926677703857
    },
    "process_spawn": {
        "cpu": 86.1,
        "memory": 12.80078125,
        "time": 0.29897594451904297
    }
}