{
    "idle": {
        "cpu": 14.3,
        "memory": 0.0703125,
        "time": 5.00078558921814
    },
    "cpu_stress": {
        "cpu": 16.2,
        "memory": 3.91796875,
        "time": 5.034377574920654
    },
    "cpu_multi": {
        "cpu": 100.0,
        "memory": 18.4609375,
        "time": 5.481513023376465
    },
    "memory_stress": {
        "cpu": 100.0,
        "memory": 1026.3671875,
        "time": 5.296433448791504
    },
    "memory_large": {
        "cpu": 5.6,
        "memory": 102.3203125,
        "time": 4.0058228969573975
    },
    "disk_write": {
        "cpu": 12.3,
        "memory": 259.6796875,
        "time": 1.0255486965179443
    },
    "disk_read": {
        "cpu": 23.3,
        "memory": 475.921875,
        "time": 1.235551357269287
    },
    "network_download": {
        "cpu": 13.9,
        "memory": 11.015625,
        "time": 0.12156844139099121
    },
    "process_spawn": {
        "cpu": 86.5,
        "memory": 9.48046875,
        "time": 0.28586649894714355
    }
}