{
    "idle": {
        "cpu": 27.8,
        "memory": 0.1640625,
        "time": 5.01615571975708
    },
    "cpu_stress": {
        "cpu": 3.2,
        "memory": 4.5546875,
        "time": 5.786398887634277
    },
    "cpu_multi": {
        "cpu": 100.0,
        "memory": 13.7109375,
        "time": 5.877444267272949
    },
    "memory_stress": {
        "cpu": 100.0,
        "memory": 1100.171875,
        "time": 5.056784152984619
    },
    "memory_large": {
        "cpu": 15.4,
        "memory": 80.0390625,
        "time": 4.006767988204956
    },
    "disk_write": {
        "cpu": 8.0,
        "memory": 433.1015625,
        "time": 1.0057077407836914
    },
    "disk_read": {
        "cpu": 24.3,
        "memory": 520.13671875,
        "time": 1.2276232242584229
    },
    "network_download": {
        "cpu": 4.9,
        "memory": 0.0,
        "time": 0.12416887283325195
    },
    "process_spawn": {
        "cpu": 87.2,
        "memory": 10.30078125,
        "time": 0.29758501052856445
    }
}