{
    "idle": {
        "cpu": 4.0,
        "memory": 2.015625,
        "time": 5.002363443374634
    },
    "cpu_stress": {
        "cpu": 2.7,
        "memory": 12.0078125,
        "time": 35.81923961639404
    },
    "cpu_multi": {
        "cpu": 100.0,
        "memory": 1.15625,
        "time": 5.904507875442505
    },
    "memory_stress": {
        "cpu": 100.0,
        "memory": 1082.71875,
        "time": 5.6886513233184814
    },
    "memory_large": {
        "cpu": 3.8,
        "memory": 57.5,
        "time": 4.02120566368103
    },
    "disk_write": {
        "cpu": 1.7,
        "memory": 64.7734375,
        "time": 1.0680921077728271
    },
    "disk_read": {
        "cpu": 25.0,
        "memory": 456.37109375,
        "time": 1.2941558361053467
    },
    "network_download": {
        "cpu": 0.0,
        "memory": 0.0,
        "time": 0.13634800910949707
    },
    "process_spawn": {
        "cpu": 86.8,
        "memory": 8.390625,
        "time": 0.290179967880249
    }
}