{
    "idle": {
        "cpu": 0.7,
        "memory": 0.0,
        "time": 5.000630855560303
    },
    "cpu_stress": {
        "cpu": 3.3,
        "memory": 0.125,
        "time": 5.327961683273315
    },
    "cpu_multi": {
        "cpu": 91.4,
        "memory": 0.0,
        "time": 5.628006458282471
    },
    "memory_stress": {
        "cpu": 4.4,
        "memory": 0.0,
        "time": 5.0666985511779785
    },
    "memory_large": {
        "cpu": 6.3,
        "memory": 800.0,
        "time": 4.168312072753906
    },
    "disk_write": {
        "cpu": 7.0,
        "memory": -0.1171875,
        "time": 0.529717206954956
    },
    "disk_read": {
        "cpu": 15.6,
        "memory": 0.02734375,
        "time": 0.3498411178588867
    },
    "network_download": {
        "cpu": 17.7,
        "memory": 0.0,
        "time": 11.368181943893433
    },
    "process_spawn": {
        "cpu": 36.9,
        "memory": 0.125,
        "time": 0.2057814598083496
    }
}