{
    "idle": {
        "cpu": 7.3,
        "memory": 0.0,
        "time": 5.000328063964844
    },
    "cpu_stress": {
        "cpu": 16.5,
        "memory": 0.0,
        "time": 5.099993467330933
    },
    "cpu_multi": {
        "cpu": 87.0,
        "memory": 0.0,
        "time": 5.806307077407837
    },
    "memory_stress": {
        "cpu": 4.0,
        "memory": 0.0,
        "time": 5.239722967147827
    },
    "memory_large": {
        "cpu": 1.9,
        "memory": 800.0,
        "time": 2.3359432220458984
    },
    "disk_write": {
        "cpu": 14.6,
        "memory": 0.0,
        "time": 0.24028444290161133
    },
    "disk_read": {
        "cpu": 31.9,
        "memory": 0.0,
        "time": 0.31653308868408203
    },
    "network_download": {
        "cpu": 21.3,
        "memory": 0.0,
        "time": 10.933192491531372
    },
    "process_spawn": {
        "cpu": 31.9,
        "memory": 0.125,
        "time": 0.18009567260742188
    }
}